row_i,row_j,different_column,value_i,value_j,row_i_data,row_j_data
656,657,price,319000,321000,"{'postal_code': 2400, 'locality_name': 'Boeretang 276', 'subtype': 'Apartment', 'price': 319000, 'number_of_bedrooms': 3.0, 'living_area': 107, 'equiped_kitchen': 0, 'furnished': 0, 'open_fire': 0, 'terrace': 1, 'terrace_area': 17.0, 'garden': 1, 'number_facades': 2.0, 'swimming_pool': 0, 'state_of_building': 'Normal'}","{'postal_code': 2400, 'locality_name': 'Boeretang 276', 'subtype': 'Apartment', 'price': 321000, 'number_of_bedrooms': 3.0, 'living_area': 107, 'equiped_kitchen': 0, 'furnished': 0, 'open_fire': 0, 'terrace': 1, 'terrace_area': 17.0, 'garden': 1, 'number_facades': 2.0, 'swimming_pool': 0, 'state_of_building': 'Normal'}"
656,658,price,319000,323000,"{'postal_code': 2400, 'locality_name': 'Boeretang 276', 'subtype': 'Apartment', 'price': 319000, 'number_of_bedrooms': 3.0, 'living_area': 107, 'equiped_kitchen': 0, 'furnished': 0, 'open_fire': 0, 'terrace': 1, 'terrace_area': 17.0, 'garden': 1, 'number_facades': 2.0, 'swimming_pool': 0, 'state_of_building': 'Normal'}","{'postal_code': 2400, 'locality_name': 'Boeretang 276', 'subtype': 'Apartment', 'price': 323000, 'number_of_bedrooms': 3.0, 'living_area': 107, 'equiped_kitchen': 0, 'furnished': 0, 'open_fire': 0, 'terrace': 1, 'terrace_area': 17.0, 'garden': 1, 'number_facades': 2.0, 'swimming_pool': 0, 'state_of_building': 'Normal'}"
656,660,price,319000,325000,"{'postal_code': 2400, 'locality_name': 'Boeretang 276', 'subtype': 'Apartment', 'price': 319000, 'number_of_bedrooms': 3.0, 'living_area': 107, 'equiped_kitchen': 0, 'furnished': 0, 'open_fire': 0, 'terrace': 1, 'terrace_area': 17.0, 'garden': 1, 'number_facades': 2.0, 'swimming_pool': 0, 'state_of_building': 'Normal'}","{'postal_code': 2400, 'locality_name': 'Boeretang 276', 'subtype': 'Apartment', 'price': 325000, 'number_of_bedrooms': 3.0, 'living_area': 107, 'equiped_kitchen': 0, 'furnished': 0, 'open_fire': 0, 'terrace': 1, 'terrace_area': 17.0, 'garden': 1, 'number_facades': 2.0, 'swimming_pool': 0, 'state_of_building': 'Normal'}"
656,661,price,319000,327000,"{'postal_code': 2400, 'locality_name': 'Boeretang 276', 'subtype': 'Apartment', 'price': 319000, 'number_of_bedrooms': 3.0, 'living_area': 107, 'equiped_kitchen': 0, 'furnished': 0, 'open_fire': 0, 'terrace': 1, 'terrace_area': 17.0, 'garden': 1, 'number_facades': 2.0, 'swimming_pool': 0, 'state_of_building': 'Normal'}","{'postal_code': 2400, 'locality_name': 'Boeretang 276', 'subtype': 'Apartment', 'price': 327000, 'number_of_bedrooms': 3.0, 'living_area': 107, 'equiped_kitchen': 0, 'furnished': 0, 'open_fire': 0, 'terrace': 1, 'terrace_area': 17.0, 'garden': 1, 'number_facades': 2.0, 'swimming_pool': 0, 'state_of_building': 'Normal'}"
656,662,price,319000,329000,"{'postal_code': 2400, 'locality_name': 'Boeretang 276', 'subtype': 'Apartment', 'price': 319000, 'number_of_bedrooms': 3.0, 'living_area': 107, 'equiped_kitchen': 0, 'furnished': 0, 'open_fire': 0, 'terrace': 1, 'terrace_area': 17.0, 'garden': 1, 'number_facades': 2.0, 'swimming_pool': 0, 'state_of_building': 'Normal'}","{'postal_code': 2400, 'locality_name': 'Boeretang 276', 'subtype': 'Apartment', 'price': 329000, 'number_of_bedrooms': 3.0, 'living_area': 107, 'equiped_kitchen': 0, 'furnished': 0, 'open_fire': 0, 'terrace': 1, 'terrace_area': 17.0, 'garden': 1, 'number_facades': 2.0, 'swimming_pool': 0, 'state_of_building': 'Normal'}"
656,663,price,319000,331000,"{'postal_code': 2400, 'locality_name': 'Boeretang 276', 'subtype': 'Apartment', 'price': 319000, 'number_of_bedrooms': 3.0, 'living_area': 107, 'equiped_kitchen': 0, 'furnished': 0, 'open_fire': 0, 'terrace': 1, 'terrace_area': 17.0, 'garden': 1, 'number_facades': 2.0, 'swimming_pool': 0, 'state_of_building': 'Normal'}","{'postal_code': 2400, 'locality_name': 'Boeretang 276', 'subtype': 'Apartment', 'price': 331000, 'number_of_bedrooms': 3.0, 'living_area': 107, 'equiped_kitchen': 0, 'furnished': 0, 'open_fire': 0, 'terrace': 1, 'terrace_area': 17.0, 'garden': 1, 'number_facades': 2.0, 'swimming_pool': 0, 'state_of_building': 'Normal'}"
656,664,price,319000,333000,"{'postal_code': 2400, 'locality_name': 'Boeretang 276', 'subtype': 'Apartment', 'price': 319000, 'number_of_bedrooms': 3.0, 'living_area': 107, 'equiped_kitchen': 0, 'furnished': 0, 'open_fire': 0, 'terrace': 1, 'terrace_area': 17.0, 'garden': 1, 'number_facades': 2.0, 'swimming_pool': 0, 'state_of_building': 'Normal'}","{'postal_code': 2400, 'locality_name': 'Boeretang 276', 'subtype': 'Apartment', 'price': 333000, 'number_of_bedrooms': 3.0, 'living_area': 107, 'equiped_kitchen': 0, 'furnished': 0, 'open_fire': 0, 'terrace': 1, 'terrace_area': 17.0, 'garden': 1, 'number_facades': 2.0, 'swimming_pool': 0, 'state_of_building': 'Normal'}"
656,665,price,319000,335000,"{'postal_code': 2400, 'locality_name': 'Boeretang 276', 'subtype': 'Apartment', 'price': 319000, 'number_of_bedrooms': 3.0, 'living_area': 107, 'equiped_kitchen': 0, 'furnished': 0, 'open_fire': 0, 'terrace': 1, 'terrace_area': 17.0, 'garden': 1, 'number_facades': 2.0, 'swimming_pool': 0, 'state_of_building': 'Normal'}","{'postal_code': 2400, 'locality_name': 'Boeretang 276', 'subtype': 'Apartment', 'price': 335000, 'number_of_bedrooms': 3.0, 'living_area': 107, 'equiped_kitchen': 0, 'furnished': 0, 'open_fire': 0, 'terrace': 1, 'terrace_area': 17.0, 'garden': 1, 'number_facades': 2.0, 'swimming_pool': 0, 'state_of_building': 'Normal'}"
656,666,price,319000,337000,"{'postal_code': 2400, 'locality_name': 'Boeretang 276', 'subtype': 'Apartment', 'price': 319000, 'number_of_bedrooms': 3.0, 'living_area': 107, 'equiped_kitchen': 0, 'furnished': 0, 'open_fire': 0, 'terrace': 1, 'terrace_area': 17.0, 'garden': 1, 'number_facades': 2.0, 'swimming_pool': 0, 'state_of_building': 'Normal'}","{'postal_code': 2400, 'locality_name': 'Boeretang 276', 'subtype': 'Apartment', 'price': 337000, 'number_of_bedrooms': 3.0, 'living_area': 107, 'equiped_kitchen': 0, 'furnished': 0, 'open_fire': 0, 'terrace': 1, 'terrace_area': 17.0, 'garden': 1, 'number_facades': 2.0, 'swimming_pool': 0, 'state_of_building': 'Normal'}"
656,667,price,319000,343000,"{'postal_code': 2400, 'locality_name': 'Boeretang 276', 'subtype': 'Apartment', 'price': 319000, 'number_of_bedrooms': 3.0, 'living_area': 107, 'equiped_kitchen': 0, 'furnished': 0, 'open_fire': 0, 'terrace': 1, 'terrace_area': 17.0, 'garden': 1, 'number_facades': 2.0, 'swimming_pool': 0, 'state_of_building': 'Normal'}","{'postal_code': 2400, 'locality_name': 'Boeretang 276', 'subtype': 'Apartment', 'price': 343000, 'number_of_bedrooms': 3.0, 'living_area': 107, 'equiped_kitchen': 0, 'furnished': 0, 'open_fire': 0, 'terrace': 1, 'terrace_area': 17.0, 'garden': 1, 'number_facades': 2.0, 'swimming_pool': 0, 'state_of_building': 'Normal'}"
657,658,price,321000,323000,"{'postal_code': 2400, 'locality_name': 'Boeretang 276', 'subtype': 'Apartment', 'price': 321000, 'number_of_bedrooms': 3.0, 'living_area': 107, 'equiped_kitchen': 0, 'furnished': 0, 'open_fire': 0, 'terrace': 1, 'terrace_area': 17.0, 'garden': 1, 'number_facades': 2.0, 'swimming_pool': 0, 'state_of_building': 'Normal'}","{'postal_code': 2400, 'locality_name': 'Boeretang 276', 'subtype': 'Apartment', 'price': 323000, 'number_of_bedrooms': 3.0, 'living_area': 107, 'equiped_kitchen': 0, 'furnished': 0, 'open_fire': 0, 'terrace': 1, 'terrace_area': 17.0, 'garden': 1, 'number_facades': 2.0, 'swimming_pool': 0, 'state_of_building': 'Normal'}"
657,660,price,321000,325000,"{'postal_code': 2400, 'locality_name': 'Boeretang 276', 'subtype': 'Apartment', 'price': 321000, 'number_of_bedrooms': 3.0, 'living_area': 107, 'equiped_kitchen': 0, 'furnished': 0, 'open_fire': 0, 'terrace': 1, 'terrace_area': 17.0, 'garden': 1, 'number_facades': 2.0, 'swimming_pool': 0, 'state_of_building': 'Normal'}","{'postal_code': 2400, 'locality_name': 'Boeretang 276', 'subtype': 'Apartment', 'price': 325000, 'number_of_bedrooms': 3.0, 'living_area': 107, 'equiped_kitchen': 0, 'furnished': 0, 'open_fire': 0, 'terrace': 1, 'terrace_area': 17.0, 'garden': 1, 'number_facades': 2.0, 'swimming_pool': 0, 'state_of_building': 'Normal'}"
657,661,price,321000,327000,"{'postal_code': 2400, 'locality_name': 'Boeretang 276', 'subtype': 'Apartment', 'price': 321000, 'number_of_bedrooms': 3.0, 'living_area': 107, 'equiped_kitchen': 0, 'furnished': 0, 'open_fire': 0, 'terrace': 1, 'terrace_area': 17.0, 'garden': 1, 'number_facades': 2.0, 'swimming_pool': 0, 'state_of_building': 'Normal'}","{'postal_code': 2400, 'locality_name': 'Boeretang 276', 'subtype': 'Apartment', 'price': 327000, 'number_of_bedrooms': 3.0, 'living_area': 107, 'equiped_kitchen': 0, 'furnished': 0, 'open_fire': 0, 'terrace': 1, 'terrace_area': 17.0, 'garden': 1, 'number_facades': 2.0, 'swimming_pool': 0, 'state_of_building': 'Normal'}"
657,662,price,321000,329000,"{'postal_code': 2400, 'locality_name': 'Boeretang 276', 'subtype': 'Apartment', 'price': 321000, 'number_of_bedrooms': 3.0, 'living_area': 107, 'equiped_kitchen': 0, 'furnished': 0, 'open_fire': 0, 'terrace': 1, 'terrace_area': 17.0, 'garden': 1, 'number_facades': 2.0, 'swimming_pool': 0, 'state_of_building': 'Normal'}","{'postal_code': 2400, 'locality_name': 'Boeretang 276', 'subtype': 'Apartment', 'price': 329000, 'number_of_bedrooms': 3.0, 'living_area': 107, 'equiped_kitchen': 0, 'furnished': 0, 'open_fire': 0, 'terrace': 1, 'terrace_area': 17.0, 'garden': 1, 'number_facades': 2.0, 'swimming_pool': 0, 'state_of_building': 'Normal'}"
657,663,price,321000,331000,"{'postal_code': 2400, 'locality_name': 'Boeretang 276', 'subtype': 'Apartment', 'price': 321000, 'number_of_bedrooms': 3.0, 'living_area': 107, 'equiped_kitchen': 0, 'furnished': 0, 'open_fire': 0, 'terrace': 1, 'terrace_area': 17.0, 'garden': 1, 'number_facades': 2.0, 'swimming_pool': 0, 'state_of_building': 'Normal'}","{'postal_code': 2400, 'locality_name': 'Boeretang 276', 'subtype': 'Apartment', 'price': 331000, 'number_of_bedrooms': 3.0, 'living_area': 107, 'equiped_kitchen': 0, 'furnished': 0, 'open_fire': 0, 'terrace': 1, 'terrace_area': 17.0, 'garden': 1, 'number_facades': 2.0, 'swimming_pool': 0, 'state_of_building': 'Normal'}"
657,664,price,321000,333000,"{'postal_code': 2400, 'locality_name': 'Boeretang 276', 'subtype': 'Apartment', 'price': 321000, 'number_of_bedrooms': 3.0, 'living_area': 107, 'equiped_kitchen': 0, 'furnished': 0, 'open_fire': 0, 'terrace': 1, 'terrace_area': 17.0, 'garden': 1, 'number_facades': 2.0, 'swimming_pool': 0, 'state_of_building': 'Normal'}","{'postal_code': 2400, 'locality_name': 'Boeretang 276', 'subtype': 'Apartment', 'price': 333000, 'number_of_bedrooms': 3.0, 'living_area': 107, 'equiped_kitchen': 0, 'furnished': 0, 'open_fire': 0, 'terrace': 1, 'terrace_area': 17.0, 'garden': 1, 'number_facades': 2.0, 'swimming_pool': 0, 'state_of_building': 'Normal'}"
657,665,price,321000,335000,"{'postal_code': 2400, 'locality_name': 'Boeretang 276', 'subtype': 'Apartment', 'price': 321000, 'number_of_bedrooms': 3.0, 'living_area': 107, 'equiped_kitchen': 0, 'furnished': 0, 'open_fire': 0, 'terrace': 1, 'terrace_area': 17.0, 'garden': 1, 'number_facades': 2.0, 'swimming_pool': 0, 'state_of_building': 'Normal'}","{'postal_code': 2400, 'locality_name': 'Boeretang 276', 'subtype': 'Apartment', 'price': 335000, 'number_of_bedrooms': 3.0, 'living_area': 107, 'equiped_kitchen': 0, 'furnished': 0, 'open_fire': 0, 'terrace': 1, 'terrace_area': 17.0, 'garden': 1, 'number_facades': 2.0, 'swimming_pool': 0, 'state_of_building': 'Normal'}"
657,666,price,321000,337000,"{'postal_code': 2400, 'locality_name': 'Boeretang 276', 'subtype': 'Apartment', 'price': 321000, 'number_of_bedrooms': 3.0, 'living_area': 107, 'equiped_kitchen': 0, 'furnished': 0, 'open_fire': 0, 'terrace': 1, 'terrace_area': 17.0, 'garden': 1, 'number_facades': 2.0, 'swimming_pool': 0, 'state_of_building': 'Normal'}","{'postal_code': 2400, 'locality_name': 'Boeretang 276', 'subtype': 'Apartment', 'price': 337000, 'number_of_bedrooms': 3.0, 'living_area': 107, 'equiped_kitchen': 0, 'furnished': 0, 'open_fire': 0, 'terrace': 1, 'terrace_area': 17.0, 'garden': 1, 'number_facades': 2.0, 'swimming_pool': 0, 'state_of_building': 'Normal'}"
657,667,price,321000,343000,"{'postal_code': 2400, 'locality_name': 'Boeretang 276', 'subtype': 'Apartment', 'price': 321000, 'number_of_bedrooms': 3.0, 'living_area': 107, 'equiped_kitchen': 0, 'furnished': 0, 'open_fire': 0, 'terrace': 1, 'terrace_area': 17.0, 'garden': 1, 'number_facades': 2.0, 'swimming_pool': 0, 'state_of_building': 'Normal'}","{'postal_code': 2400, 'locality_name': 'Boeretang 276', 'subtype': 'Apartment', 'price': 343000, 'number_of_bedrooms': 3.0, 'living_area': 107, 'equiped_kitchen': 0, 'furnished': 0, 'open_fire': 0, 'terrace': 1, 'terrace_area': 17.0, 'garden': 1, 'number_facades': 2.0, 'swimming_pool': 0, 'state_of_building': 'Normal'}"
658,660,price,323000,325000,"{'postal_code': 2400, 'locality_name': 'Boeretang 276', 'subtype': 'Apartment', 'price': 323000, 'number_of_bedrooms': 3.0, 'living_area': 107, 'equiped_kitchen': 0, 'furnished': 0, 'open_fire': 0, 'terrace': 1, 'terrace_area': 17.0, 'garden': 1, 'number_facades': 2.0, 'swimming_pool': 0, 'state_of_building': 'Normal'}","{'postal_code': 2400, 'locality_name': 'Boeretang 276', 'subtype': 'Apartment', 'price': 325000, 'number_of_bedrooms': 3.0, 'living_area': 107, 'equiped_kitchen': 0, 'furnished': 0, 'open_fire': 0, 'terrace': 1, 'terrace_area': 17.0, 'garden': 1, 'number_facades': 2.0, 'swimming_pool': 0, 'state_of_building': 'Normal'}"
658,661,price,323000,327000,"{'postal_code': 2400, 'locality_name': 'Boeretang 276', 'subtype': 'Apartment', 'price': 323000, 'number_of_bedrooms': 3.0, 'living_area': 107, 'equiped_kitchen': 0, 'furnished': 0, 'open_fire': 0, 'terrace': 1, 'terrace_area': 17.0, 'garden': 1, 'number_facades': 2.0, 'swimming_pool': 0, 'state_of_building': 'Normal'}","{'postal_code': 2400, 'locality_name': 'Boeretang 276', 'subtype': 'Apartment', 'price': 327000, 'number_of_bedrooms': 3.0, 'living_area': 107, 'equiped_kitchen': 0, 'furnished': 0, 'open_fire': 0, 'terrace': 1, 'terrace_area': 17.0, 'garden': 1, 'number_facades': 2.0, 'swimming_pool': 0, 'state_of_building': 'Normal'}"
658,662,price,323000,329000,"{'postal_code': 2400, 'locality_name': 'Boeretang 276', 'subtype': 'Apartment', 'price': 323000, 'number_of_bedrooms': 3.0, 'living_area': 107, 'equiped_kitchen': 0, 'furnished': 0, 'open_fire': 0, 'terrace': 1, 'terrace_area': 17.0, 'garden': 1, 'number_facades': 2.0, 'swimming_pool': 0, 'state_of_building': 'Normal'}","{'postal_code': 2400, 'locality_name': 'Boeretang 276', 'subtype': 'Apartment', 'price': 329000, 'number_of_bedrooms': 3.0, 'living_area': 107, 'equiped_kitchen': 0, 'furnished': 0, 'open_fire': 0, 'terrace': 1, 'terrace_area': 17.0, 'garden': 1, 'number_facades': 2.0, 'swimming_pool': 0, 'state_of_building': 'Normal'}"
658,663,price,323000,331000,"{'postal_code': 2400, 'locality_name': 'Boeretang 276', 'subtype': 'Apartment', 'price': 323000, 'number_of_bedrooms': 3.0, 'living_area': 107, 'equiped_kitchen': 0, 'furnished': 0, 'open_fire': 0, 'terrace': 1, 'terrace_area': 17.0, 'garden': 1, 'number_facades': 2.0, 'swimming_pool': 0, 'state_of_building': 'Normal'}","{'postal_code': 2400, 'locality_name': 'Boeretang 276', 'subtype': 'Apartment', 'price': 331000, 'number_of_bedrooms': 3.0, 'living_area': 107, 'equiped_kitchen': 0, 'furnished': 0, 'open_fire': 0, 'terrace': 1, 'terrace_area': 17.0, 'garden': 1, 'number_facades': 2.0, 'swimming_pool': 0, 'state_of_building': 'Normal'}"
658,664,price,323000,333000,"{'postal_code': 2400, 'locality_name': 'Boeretang 276', 'subtype': 'Apartment', 'price': 323000, 'number_of_bedrooms': 3.0, 'living_area': 107, 'equiped_kitchen': 0, 'furnished': 0, 'open_fire': 0, 'terrace': 1, 'terrace_area': 17.0, 'garden': 1, 'number_facades': 2.0, 'swimming_pool': 0, 'state_of_building': 'Normal'}","{'postal_code': 2400, 'locality_name': 'Boeretang 276', 'subtype': 'Apartment', 'price': 333000, 'number_of_bedrooms': 3.0, 'living_area': 107, 'equiped_kitchen': 0, 'furnished': 0, 'open_fire': 0, 'terrace': 1, 'terrace_area': 17.0, 'garden': 1, 'number_facades': 2.0, 'swimming_pool': 0, 'state_of_building': 'Normal'}"
658,665,price,323000,335000,"{'postal_code': 2400, 'locality_name': 'Boeretang 276', 'subtype': 'Apartment', 'price': 323000, 'number_of_bedrooms': 3.0, 'living_area': 107, 'equiped_kitchen': 0, 'furnished': 0, 'open_fire': 0, 'terrace': 1, 'terrace_area': 17.0, 'garden': 1, 'number_facades': 2.0, 'swimming_pool': 0, 'state_of_building': 'Normal'}","{'postal_code': 2400, 'locality_name': 'Boeretang 276', 'subtype': 'Apartment', 'price': 335000, 'number_of_bedrooms': 3.0, 'living_area': 107, 'equiped_kitchen': 0, 'furnished': 0, 'open_fire': 0, 'terrace': 1, 'terrace_area': 17.0, 'garden': 1, 'number_facades': 2.0, 'swimming_pool': 0, 'state_of_building': 'Normal'}"
658,666,price,323000,337000,"{'postal_code': 2400, 'locality_name': 'Boeretang 276', 'subtype': 'Apartment', 'price': 323000, 'number_of_bedrooms': 3.0, 'living_area': 107, 'equiped_kitchen': 0, 'furnished': 0, 'open_fire': 0, 'terrace': 1, 'terrace_area': 17.0, 'garden': 1, 'number_facades': 2.0, 'swimming_pool': 0, 'state_of_building': 'Normal'}","{'postal_code': 2400, 'locality_name': 'Boeretang 276', 'subtype': 'Apartment', 'price': 337000, 'number_of_bedrooms': 3.0, 'living_area': 107, 'equiped_kitchen': 0, 'furnished': 0, 'open_fire': 0, 'terrace': 1, 'terrace_area': 17.0, 'garden': 1, 'number_facades': 2.0, 'swimming_pool': 0, 'state_of_building': 'Normal'}"
658,667,price,323000,343000,"{'postal_code': 2400, 'locality_name': 'Boeretang 276', 'subtype': 'Apartment', 'price': 323000, 'number_of_bedrooms': 3.0, 'living_area': 107, 'equiped_kitchen': 0, 'furnished': 0, 'open_fire': 0, 'terrace': 1, 'terrace_area': 17.0, 'garden': 1, 'number_facades': 2.0, 'swimming_pool': 0, 'state_of_building': 'Normal'}","{'postal_code': 2400, 'locality_name': 'Boeretang 276', 'subtype': 'Apartment', 'price': 343000, 'number_of_bedrooms': 3.0, 'living_area': 107, 'equiped_kitchen': 0, 'furnished': 0, 'open_fire': 0, 'terrace': 1, 'terrace_area': 17.0, 'garden': 1, 'number_facades': 2.0, 'swimming_pool': 0, 'state_of_building': 'Normal'}"
660,661,price,325000,327000,"{'postal_code': 2400, 'locality_name': 'Boeretang 276', 'subtype': 'Apartment', 'price': 325000, 'number_of_bedrooms': 3.0, 'living_area': 107, 'equiped_kitchen': 0, 'furnished': 0, 'open_fire': 0, 'terrace': 1, 'terrace_area': 17.0, 'garden': 1, 'number_facades': 2.0, 'swimming_pool': 0, 'state_of_building': 'Normal'}","{'postal_code': 2400, 'locality_name': 'Boeretang 276', 'subtype': 'Apartment', 'price': 327000, 'number_of_bedrooms': 3.0, 'living_area': 107, 'equiped_kitchen': 0, 'furnished': 0, 'open_fire': 0, 'terrace': 1, 'terrace_area': 17.0, 'garden': 1, 'number_facades': 2.0, 'swimming_pool': 0, 'state_of_building': 'Normal'}"
660,662,price,325000,329000,"{'postal_code': 2400, 'locality_name': 'Boeretang 276', 'subtype': 'Apartment', 'price': 325000, 'number_of_bedrooms': 3.0, 'living_area': 107, 'equiped_kitchen': 0, 'furnished': 0, 'open_fire': 0, 'terrace': 1, 'terrace_area': 17.0, 'garden': 1, 'number_facades': 2.0, 'swimming_pool': 0, 'state_of_building': 'Normal'}","{'postal_code': 2400, 'locality_name': 'Boeretang 276', 'subtype': 'Apartment', 'price': 329000, 'number_of_bedrooms': 3.0, 'living_area': 107, 'equiped_kitchen': 0, 'furnished': 0, 'open_fire': 0, 'terrace': 1, 'terrace_area': 17.0, 'garden': 1, 'number_facades': 2.0, 'swimming_pool': 0, 'state_of_building': 'Normal'}"
660,663,price,325000,331000,"{'postal_code': 2400, 'locality_name': 'Boeretang 276', 'subtype': 'Apartment', 'price': 325000, 'number_of_bedrooms': 3.0, 'living_area': 107, 'equiped_kitchen': 0, 'furnished': 0, 'open_fire': 0, 'terrace': 1, 'terrace_area': 17.0, 'garden': 1, 'number_facades': 2.0, 'swimming_pool': 0, 'state_of_building': 'Normal'}","{'postal_code': 2400, 'locality_name': 'Boeretang 276', 'subtype': 'Apartment', 'price': 331000, 'number_of_bedrooms': 3.0, 'living_area': 107, 'equiped_kitchen': 0, 'furnished': 0, 'open_fire': 0, 'terrace': 1, 'terrace_area': 17.0, 'garden': 1, 'number_facades': 2.0, 'swimming_pool': 0, 'state_of_building': 'Normal'}"
660,664,price,325000,333000,"{'postal_code': 2400, 'locality_name': 'Boeretang 276', 'subtype': 'Apartment', 'price': 325000, 'number_of_bedrooms': 3.0, 'living_area': 107, 'equiped_kitchen': 0, 'furnished': 0, 'open_fire': 0, 'terrace': 1, 'terrace_area': 17.0, 'garden': 1, 'number_facades': 2.0, 'swimming_pool': 0, 'state_of_building': 'Normal'}","{'postal_code': 2400, 'locality_name': 'Boeretang 276', 'subtype': 'Apartment', 'price': 333000, 'number_of_bedrooms': 3.0, 'living_area': 107, 'equiped_kitchen': 0, 'furnished': 0, 'open_fire': 0, 'terrace': 1, 'terrace_area': 17.0, 'garden': 1, 'number_facades': 2.0, 'swimming_pool': 0, 'state_of_building': 'Normal'}"
660,665,price,325000,335000,"{'postal_code': 2400, 'locality_name': 'Boeretang 276', 'subtype': 'Apartment', 'price': 325000, 'number_of_bedrooms': 3.0, 'living_area': 107, 'equiped_kitchen': 0, 'furnished': 0, 'open_fire': 0, 'terrace': 1, 'terrace_area': 17.0, 'garden': 1, 'number_facades': 2.0, 'swimming_pool': 0, 'state_of_building': 'Normal'}","{'postal_code': 2400, 'locality_name': 'Boeretang 276', 'subtype': 'Apartment', 'price': 335000, 'number_of_bedrooms': 3.0, 'living_area': 107, 'equiped_kitchen': 0, 'furnished': 0, 'open_fire': 0, 'terrace': 1, 'terrace_area': 17.0, 'garden': 1, 'number_facades': 2.0, 'swimming_pool': 0, 'state_of_building': 'Normal'}"
660,666,price,325000,337000,"{'postal_code': 2400, 'locality_name': 'Boeretang 276', 'subtype': 'Apartment', 'price': 325000, 'number_of_bedrooms': 3.0, 'living_area': 107, 'equiped_kitchen': 0, 'furnished': 0, 'open_fire': 0, 'terrace': 1, 'terrace_area': 17.0, 'garden': 1, 'number_facades': 2.0, 'swimming_pool': 0, 'state_of_building': 'Normal'}","{'postal_code': 2400, 'locality_name': 'Boeretang 276', 'subtype': 'Apartment', 'price': 337000, 'number_of_bedrooms': 3.0, 'living_area': 107, 'equiped_kitchen': 0, 'furnished': 0, 'open_fire': 0, 'terrace': 1, 'terrace_area': 17.0, 'garden': 1, 'number_facades': 2.0, 'swimming_pool': 0, 'state_of_building': 'Normal'}"
660,667,price,325000,343000,"{'postal_code': 2400, 'locality_name': 'Boeretang 276', 'subtype': 'Apartment', 'price': 325000, 'number_of_bedrooms': 3.0, 'living_area': 107, 'equiped_kitchen': 0, 'furnished': 0, 'open_fire': 0, 'terrace': 1, 'terrace_area': 17.0, 'garden': 1, 'number_facades': 2.0, 'swimming_pool': 0, 'state_of_building': 'Normal'}","{'postal_code': 2400, 'locality_name': 'Boeretang 276', 'subtype': 'Apartment', 'price': 343000, 'number_of_bedrooms': 3.0, 'living_area': 107, 'equiped_kitchen': 0, 'furnished': 0, 'open_fire': 0, 'terrace': 1, 'terrace_area': 17.0, 'garden': 1, 'number_facades': 2.0, 'swimming_pool': 0, 'state_of_building': 'Normal'}"
661,662,price,327000,329000,"{'postal_code': 2400, 'locality_name': 'Boeretang 276', 'subtype': 'Apartment', 'price': 327000, 'number_of_bedrooms': 3.0, 'living_area': 107, 'equiped_kitchen': 0, 'furnished': 0, 'open_fire': 0, 'terrace': 1, 'terrace_area': 17.0, 'garden': 1, 'number_facades': 2.0, 'swimming_pool': 0, 'state_of_building': 'Normal'}","{'postal_code': 2400, 'locality_name': 'Boeretang 276', 'subtype': 'Apartment', 'price': 329000, 'number_of_bedrooms': 3.0, 'living_area': 107, 'equiped_kitchen': 0, 'furnished': 0, 'open_fire': 0, 'terrace': 1, 'terrace_area': 17.0, 'garden': 1, 'number_facades': 2.0, 'swimming_pool': 0, 'state_of_building': 'Normal'}"
661,663,price,327000,331000,"{'postal_code': 2400, 'locality_name': 'Boeretang 276', 'subtype': 'Apartment', 'price': 327000, 'number_of_bedrooms': 3.0, 'living_area': 107, 'equiped_kitchen': 0, 'furnished': 0, 'open_fire': 0, 'terrace': 1, 'terrace_area': 17.0, 'garden': 1, 'number_facades': 2.0, 'swimming_pool': 0, 'state_of_building': 'Normal'}","{'postal_code': 2400, 'locality_name': 'Boeretang 276', 'subtype': 'Apartment', 'price': 331000, 'number_of_bedrooms': 3.0, 'living_area': 107, 'equiped_kitchen': 0, 'furnished': 0, 'open_fire': 0, 'terrace': 1, 'terrace_area': 17.0, 'garden': 1, 'number_facades': 2.0, 'swimming_pool': 0, 'state_of_building': 'Normal'}"
661,664,price,327000,333000,"{'postal_code': 2400, 'locality_name': 'Boeretang 276', 'subtype': 'Apartment', 'price': 327000, 'number_of_bedrooms': 3.0, 'living_area': 107, 'equiped_kitchen': 0, 'furnished': 0, 'open_fire': 0, 'terrace': 1, 'terrace_area': 17.0, 'garden': 1, 'number_facades': 2.0, 'swimming_pool': 0, 'state_of_building': 'Normal'}","{'postal_code': 2400, 'locality_name': 'Boeretang 276', 'subtype': 'Apartment', 'price': 333000, 'number_of_bedrooms': 3.0, 'living_area': 107, 'equiped_kitchen': 0, 'furnished': 0, 'open_fire': 0, 'terrace': 1, 'terrace_area': 17.0, 'garden': 1, 'number_facades': 2.0, 'swimming_pool': 0, 'state_of_building': 'Normal'}"
661,665,price,327000,335000,"{'postal_code': 2400, 'locality_name': 'Boeretang 276', 'subtype': 'Apartment', 'price': 327000, 'number_of_bedrooms': 3.0, 'living_area': 107, 'equiped_kitchen': 0, 'furnished': 0, 'open_fire': 0, 'terrace': 1, 'terrace_area': 17.0, 'garden': 1, 'number_facades': 2.0, 'swimming_pool': 0, 'state_of_building': 'Normal'}","{'postal_code': 2400, 'locality_name': 'Boeretang 276', 'subtype': 'Apartment', 'price': 335000, 'number_of_bedrooms': 3.0, 'living_area': 107, 'equiped_kitchen': 0, 'furnished': 0, 'open_fire': 0, 'terrace': 1, 'terrace_area': 17.0, 'garden': 1, 'number_facades': 2.0, 'swimming_pool': 0, 'state_of_building': 'Normal'}"
661,666,price,327000,337000,"{'postal_code': 2400, 'locality_name': 'Boeretang 276', 'subtype': 'Apartment', 'price': 327000, 'number_of_bedrooms': 3.0, 'living_area': 107, 'equiped_kitchen': 0, 'furnished': 0, 'open_fire': 0, 'terrace': 1, 'terrace_area': 17.0, 'garden': 1, 'number_facades': 2.0, 'swimming_pool': 0, 'state_of_building': 'Normal'}","{'postal_code': 2400, 'locality_name': 'Boeretang 276', 'subtype': 'Apartment', 'price': 337000, 'number_of_bedrooms': 3.0, 'living_area': 107, 'equiped_kitchen': 0, 'furnished': 0, 'open_fire': 0, 'terrace': 1, 'terrace_area': 17.0, 'garden': 1, 'number_facades': 2.0, 'swimming_pool': 0, 'state_of_building': 'Normal'}"
661,667,price,327000,343000,"{'postal_code': 2400, 'locality_name': 'Boeretang 276', 'subtype': 'Apartment', 'price': 327000, 'number_of_bedrooms': 3.0, 'living_area': 107, 'equiped_kitchen': 0, 'furnished': 0, 'open_fire': 0, 'terrace': 1, 'terrace_area': 17.0, 'garden': 1, 'number_facades': 2.0, 'swimming_pool': 0, 'state_of_building': 'Normal'}","{'postal_code': 2400, 'locality_name': 'Boeretang 276', 'subtype': 'Apartment', 'price': 343000, 'number_of_bedrooms': 3.0, 'living_area': 107, 'equiped_kitchen': 0, 'furnished': 0, 'open_fire': 0, 'terrace': 1, 'terrace_area': 17.0, 'garden': 1, 'number_facades': 2.0, 'swimming_pool': 0, 'state_of_building': 'Normal'}"
662,663,price,329000,331000,"{'postal_code': 2400, 'locality_name': 'Boeretang 276', 'subtype': 'Apartment', 'price': 329000, 'number_of_bedrooms': 3.0, 'living_area': 107, 'equiped_kitchen': 0, 'furnished': 0, 'open_fire': 0, 'terrace': 1, 'terrace_area': 17.0, 'garden': 1, 'number_facades': 2.0, 'swimming_pool': 0, 'state_of_building': 'Normal'}","{'postal_code': 2400, 'locality_name': 'Boeretang 276', 'subtype': 'Apartment', 'price': 331000, 'number_of_bedrooms': 3.0, 'living_area': 107, 'equiped_kitchen': 0, 'furnished': 0, 'open_fire': 0, 'terrace': 1, 'terrace_area': 17.0, 'garden': 1, 'number_facades': 2.0, 'swimming_pool': 0, 'state_of_building': 'Normal'}"
662,664,price,329000,333000,"{'postal_code': 2400, 'locality_name': 'Boeretang 276', 'subtype': 'Apartment', 'price': 329000, 'number_of_bedrooms': 3.0, 'living_area': 107, 'equiped_kitchen': 0, 'furnished': 0, 'open_fire': 0, 'terrace': 1, 'terrace_area': 17.0, 'garden': 1, 'number_facades': 2.0, 'swimming_pool': 0, 'state_of_building': 'Normal'}","{'postal_code': 2400, 'locality_name': 'Boeretang 276', 'subtype': 'Apartment', 'price': 333000, 'number_of_bedrooms': 3.0, 'living_area': 107, 'equiped_kitchen': 0, 'furnished': 0, 'open_fire': 0, 'terrace': 1, 'terrace_area': 17.0, 'garden': 1, 'number_facades': 2.0, 'swimming_pool': 0, 'state_of_building': 'Normal'}"
662,665,price,329000,335000,"{'postal_code': 2400, 'locality_name': 'Boeretang 276', 'subtype': 'Apartment', 'price': 329000, 'number_of_bedrooms': 3.0, 'living_area': 107, 'equiped_kitchen': 0, 'furnished': 0, 'open_fire': 0, 'terrace': 1, 'terrace_area': 17.0, 'garden': 1, 'number_facades': 2.0, 'swimming_pool': 0, 'state_of_building': 'Normal'}","{'postal_code': 2400, 'locality_name': 'Boeretang 276', 'subtype': 'Apartment', 'price': 335000, 'number_of_bedrooms': 3.0, 'living_area': 107, 'equiped_kitchen': 0, 'furnished': 0, 'open_fire': 0, 'terrace': 1, 'terrace_area': 17.0, 'garden': 1, 'number_facades': 2.0, 'swimming_pool': 0, 'state_of_building': 'Normal'}"
662,666,price,329000,337000,"{'postal_code': 2400, 'locality_name': 'Boeretang 276', 'subtype': 'Apartment', 'price': 329000, 'number_of_bedrooms': 3.0, 'living_area': 107, 'equiped_kitchen': 0, 'furnished': 0, 'open_fire': 0, 'terrace': 1, 'terrace_area': 17.0, 'garden': 1, 'number_facades': 2.0, 'swimming_pool': 0, 'state_of_building': 'Normal'}","{'postal_code': 2400, 'locality_name': 'Boeretang 276', 'subtype': 'Apartment', 'price': 337000, 'number_of_bedrooms': 3.0, 'living_area': 107, 'equiped_kitchen': 0, 'furnished': 0, 'open_fire': 0, 'terrace': 1, 'terrace_area': 17.0, 'garden': 1, 'number_facades': 2.0, 'swimming_pool': 0, 'state_of_building': 'Normal'}"
662,667,price,329000,343000,"{'postal_code': 2400, 'locality_name': 'Boeretang 276', 'subtype': 'Apartment', 'price': 329000, 'number_of_bedrooms': 3.0, 'living_area': 107, 'equiped_kitchen': 0, 'furnished': 0, 'open_fire': 0, 'terrace': 1, 'terrace_area': 17.0, 'garden': 1, 'number_facades': 2.0, 'swimming_pool': 0, 'state_of_building': 'Normal'}","{'postal_code': 2400, 'locality_name': 'Boeretang 276', 'subtype': 'Apartment', 'price': 343000, 'number_of_bedrooms': 3.0, 'living_area': 107, 'equiped_kitchen': 0, 'furnished': 0, 'open_fire': 0, 'terrace': 1, 'terrace_area': 17.0, 'garden': 1, 'number_facades': 2.0, 'swimming_pool': 0, 'state_of_building': 'Normal'}"
663,664,price,331000,333000,"{'postal_code': 2400, 'locality_name': 'Boeretang 276', 'subtype': 'Apartment', 'price': 331000, 'number_of_bedrooms': 3.0, 'living_area': 107, 'equiped_kitchen': 0, 'furnished': 0, 'open_fire': 0, 'terrace': 1, 'terrace_area': 17.0, 'garden': 1, 'number_facades': 2.0, 'swimming_pool': 0, 'state_of_building': 'Normal'}","{'postal_code': 2400, 'locality_name': 'Boeretang 276', 'subtype': 'Apartment', 'price': 333000, 'number_of_bedrooms': 3.0, 'living_area': 107, 'equiped_kitchen': 0, 'furnished': 0, 'open_fire': 0, 'terrace': 1, 'terrace_area': 17.0, 'garden': 1, 'number_facades': 2.0, 'swimming_pool': 0, 'state_of_building': 'Normal'}"
663,665,price,331000,335000,"{'postal_code': 2400, 'locality_name': 'Boeretang 276', 'subtype': 'Apartment', 'price': 331000, 'number_of_bedrooms': 3.0, 'living_area': 107, 'equiped_kitchen': 0, 'furnished': 0, 'open_fire': 0, 'terrace': 1, 'terrace_area': 17.0, 'garden': 1, 'number_facades': 2.0, 'swimming_pool': 0, 'state_of_building': 'Normal'}","{'postal_code': 2400, 'locality_name': 'Boeretang 276', 'subtype': 'Apartment', 'price': 335000, 'number_of_bedrooms': 3.0, 'living_area': 107, 'equiped_kitchen': 0, 'furnished': 0, 'open_fire': 0, 'terrace': 1, 'terrace_area': 17.0, 'garden': 1, 'number_facades': 2.0, 'swimming_pool': 0, 'state_of_building': 'Normal'}"
663,666,price,331000,337000,"{'postal_code': 2400, 'locality_name': 'Boeretang 276', 'subtype': 'Apartment', 'price': 331000, 'number_of_bedrooms': 3.0, 'living_area': 107, 'equiped_kitchen': 0, 'furnished': 0, 'open_fire': 0, 'terrace': 1, 'terrace_area': 17.0, 'garden': 1, 'number_facades': 2.0, 'swimming_pool': 0, 'state_of_building': 'Normal'}","{'postal_code': 2400, 'locality_name': 'Boeretang 276', 'subtype': 'Apartment', 'price': 337000, 'number_of_bedrooms': 3.0, 'living_area': 107, 'equiped_kitchen': 0, 'furnished': 0, 'open_fire': 0, 'terrace': 1, 'terrace_area': 17.0, 'garden': 1, 'number_facades': 2.0, 'swimming_pool': 0, 'state_of_building': 'Normal'}"
663,667,price,331000,343000,"{'postal_code': 2400, 'locality_name': 'Boeretang 276', 'subtype': 'Apartment', 'price': 331000, 'number_of_bedrooms': 3.0, 'living_area': 107, 'equiped_kitchen': 0, 'furnished': 0, 'open_fire': 0, 'terrace': 1, 'terrace_area': 17.0, 'garden': 1, 'number_facades': 2.0, 'swimming_pool': 0, 'state_of_building': 'Normal'}","{'postal_code': 2400, 'locality_name': 'Boeretang 276', 'subtype': 'Apartment', 'price': 343000, 'number_of_bedrooms': 3.0, 'living_area': 107, 'equiped_kitchen': 0, 'furnished': 0, 'open_fire': 0, 'terrace': 1, 'terrace_area': 17.0, 'garden': 1, 'number_facades': 2.0, 'swimming_pool': 0, 'state_of_building': 'Normal'}"
664,665,price,333000,335000,"{'postal_code': 2400, 'locality_name': 'Boeretang 276', 'subtype': 'Apartment', 'price': 333000, 'number_of_bedrooms': 3.0, 'living_area': 107, 'equiped_kitchen': 0, 'furnished': 0, 'open_fire': 0, 'terrace': 1, 'terrace_area': 17.0, 'garden': 1, 'number_facades': 2.0, 'swimming_pool': 0, 'state_of_building': 'Normal'}","{'postal_code': 2400, 'locality_name': 'Boeretang 276', 'subtype': 'Apartment', 'price': 335000, 'number_of_bedrooms': 3.0, 'living_area': 107, 'equiped_kitchen': 0, 'furnished': 0, 'open_fire': 0, 'terrace': 1, 'terrace_area': 17.0, 'garden': 1, 'number_facades': 2.0, 'swimming_pool': 0, 'state_of_building': 'Normal'}"
664,666,price,333000,337000,"{'postal_code': 2400, 'locality_name': 'Boeretang 276', 'subtype': 'Apartment', 'price': 333000, 'number_of_bedrooms': 3.0, 'living_area': 107, 'equiped_kitchen': 0, 'furnished': 0, 'open_fire': 0, 'terrace': 1, 'terrace_area': 17.0, 'garden': 1, 'number_facades': 2.0, 'swimming_pool': 0, 'state_of_building': 'Normal'}","{'postal_code': 2400, 'locality_name': 'Boeretang 276', 'subtype': 'Apartment', 'price': 337000, 'number_of_bedrooms': 3.0, 'living_area': 107, 'equiped_kitchen': 0, 'furnished': 0, 'open_fire': 0, 'terrace': 1, 'terrace_area': 17.0, 'garden': 1, 'number_facades': 2.0, 'swimming_pool': 0, 'state_of_building': 'Normal'}"
664,667,price,333000,343000,"{'postal_code': 2400, 'locality_name': 'Boeretang 276', 'subtype': 'Apartment', 'price': 333000, 'number_of_bedrooms': 3.0, 'living_area': 107, 'equiped_kitchen': 0, 'furnished': 0, 'open_fire': 0, 'terrace': 1, 'terrace_area': 17.0, 'garden': 1, 'number_facades': 2.0, 'swimming_pool': 0, 'state_of_building': 'Normal'}","{'postal_code': 2400, 'locality_name': 'Boeretang 276', 'subtype': 'Apartment', 'price': 343000, 'number_of_bedrooms': 3.0, 'living_area': 107, 'equiped_kitchen': 0, 'furnished': 0, 'open_fire': 0, 'terrace': 1, 'terrace_area': 17.0, 'garden': 1, 'number_facades': 2.0, 'swimming_pool': 0, 'state_of_building': 'Normal'}"
665,666,price,335000,337000,"{'postal_code': 2400, 'locality_name': 'Boeretang 276', 'subtype': 'Apartment', 'price': 335000, 'number_of_bedrooms': 3.0, 'living_area': 107, 'equiped_kitchen': 0, 'furnished': 0, 'open_fire': 0, 'terrace': 1, 'terrace_area': 17.0, 'garden': 1, 'number_facades': 2.0, 'swimming_pool': 0, 'state_of_building': 'Normal'}","{'postal_code': 2400, 'locality_name': 'Boeretang 276', 'subtype': 'Apartment', 'price': 337000, 'number_of_bedrooms': 3.0, 'living_area': 107, 'equiped_kitchen': 0, 'furnished': 0, 'open_fire': 0, 'terrace': 1, 'terrace_area': 17.0, 'garden': 1, 'number_facades': 2.0, 'swimming_pool': 0, 'state_of_building': 'Normal'}"
665,667,price,335000,343000,"{'postal_code': 2400, 'locality_name': 'Boeretang 276', 'subtype': 'Apartment', 'price': 335000, 'number_of_bedrooms': 3.0, 'living_area': 107, 'equiped_kitchen': 0, 'furnished': 0, 'open_fire': 0, 'terrace': 1, 'terrace_area': 17.0, 'garden': 1, 'number_facades': 2.0, 'swimming_pool': 0, 'state_of_building': 'Normal'}","{'postal_code': 2400, 'locality_name': 'Boeretang 276', 'subtype': 'Apartment', 'price': 343000, 'number_of_bedrooms': 3.0, 'living_area': 107, 'equiped_kitchen': 0, 'furnished': 0, 'open_fire': 0, 'terrace': 1, 'terrace_area': 17.0, 'garden': 1, 'number_facades': 2.0, 'swimming_pool': 0, 'state_of_building': 'Normal'}"
666,667,price,337000,343000,"{'postal_code': 2400, 'locality_name': 'Boeretang 276', 'subtype': 'Apartment', 'price': 337000, 'number_of_bedrooms': 3.0, 'living_area': 107, 'equiped_kitchen': 0, 'furnished': 0, 'open_fire': 0, 'terrace': 1, 'terrace_area': 17.0, 'garden': 1, 'number_facades': 2.0, 'swimming_pool': 0, 'state_of_building': 'Normal'}","{'postal_code': 2400, 'locality_name': 'Boeretang 276', 'subtype': 'Apartment', 'price': 343000, 'number_of_bedrooms': 3.0, 'living_area': 107, 'equiped_kitchen': 0, 'furnished': 0, 'open_fire': 0, 'terrace': 1, 'terrace_area': 17.0, 'garden': 1, 'number_facades': 2.0, 'swimming_pool': 0, 'state_of_building': 'Normal'}"
674,675,locality_name,Kattendijkdok-Oostkaai 22 P.5.403,Kattendijkdok-Oostkaai 22 P.5.402,"{'postal_code': 2000, 'locality_name': 'Kattendijkdok-Oostkaai 22 P.5.403', 'subtype': 'Apartment', 'price': 775000, 'number_of_bedrooms': 2.0, 'living_area': 118, 'equiped_kitchen': 0, 'furnished': 0, 'open_fire': 0, 'terrace': 1, 'terrace_area': 32.0, 'garden': 1, 'number_facades': 4.0, 'swimming_pool': 0, 'state_of_building': 'Excellent'}","{'postal_code': 2000, 'locality_name': 'Kattendijkdok-Oostkaai 22 P.5.402', 'subtype': 'Apartment', 'price': 775000, 'number_of_bedrooms': 2.0, 'living_area': 118, 'equiped_kitchen': 0, 'furnished': 0, 'open_fire': 0, 'terrace': 1, 'terrace_area': 32.0, 'garden': 1, 'number_facades': 4.0, 'swimming_pool': 0, 'state_of_building': 'Excellent'}"
686,687,locality_name,Kattendijkdok-Oostkaai 22 P.3.304,Kattendijkdok-Oostkaai 22 P.3.204,"{'postal_code': 2000, 'locality_name': 'Kattendijkdok-Oostkaai 22 P.3.304', 'subtype': 'Apartment', 'price': 775000, 'number_of_bedrooms': 3.0, 'living_area': 132, 'equiped_kitchen': 0, 'furnished': 0, 'open_fire': 0, 'terrace': 1, 'terrace_area': 14.0, 'garden': 0, 'number_facades': 4.0, 'swimming_pool': 0, 'state_of_building': 'Excellent'}","{'postal_code': 2000, 'locality_name': 'Kattendijkdok-Oostkaai 22 P.3.204', 'subtype': 'Apartment', 'price': 775000, 'number_of_bedrooms': 3.0, 'living_area': 132, 'equiped_kitchen': 0, 'furnished': 0, 'open_fire': 0, 'terrace': 1, 'terrace_area': 14.0, 'garden': 0, 'number_facades': 4.0, 'swimming_pool': 0, 'state_of_building': 'Excellent'}"
686,688,locality_name,Kattendijkdok-Oostkaai 22 P.3.304,Kattendijkdok-Oostkaai 22 P.3.303,"{'postal_code': 2000, 'locality_name': 'Kattendijkdok-Oostkaai 22 P.3.304', 'subtype': 'Apartment', 'price': 775000, 'number_of_bedrooms': 3.0, 'living_area': 132, 'equiped_kitchen': 0, 'furnished': 0, 'open_fire': 0, 'terrace': 1, 'terrace_area': 14.0, 'garden': 0, 'number_facades': 4.0, 'swimming_pool': 0, 'state_of_building': 'Excellent'}","{'postal_code': 2000, 'locality_name': 'Kattendijkdok-Oostkaai 22 P.3.303', 'subtype': 'Apartment', 'price': 775000, 'number_of_bedrooms': 3.0, 'living_area': 132, 'equiped_kitchen': 0, 'furnished': 0, 'open_fire': 0, 'terrace': 1, 'terrace_area': 14.0, 'garden': 0, 'number_facades': 4.0, 'swimming_pool': 0, 'state_of_building': 'Excellent'}"
686,689,locality_name,Kattendijkdok-Oostkaai 22 P.3.304,Kattendijkdok-Oostkaai 22 P.3.203,"{'postal_code': 2000, 'locality_name': 'Kattendijkdok-Oostkaai 22 P.3.304', 'subtype': 'Apartment', 'price': 775000, 'number_of_bedrooms': 3.0, 'living_area': 132, 'equiped_kitchen': 0, 'furnished': 0, 'open_fire': 0, 'terrace': 1, 'terrace_area': 14.0, 'garden': 0, 'number_facades': 4.0, 'swimming_pool': 0, 'state_of_building': 'Excellent'}","{'postal_code': 2000, 'locality_name': 'Kattendijkdok-Oostkaai 22 P.3.203', 'subtype': 'Apartment', 'price': 775000, 'number_of_bedrooms': 3.0, 'living_area': 132, 'equiped_kitchen': 0, 'furnished': 0, 'open_fire': 0, 'terrace': 1, 'terrace_area': 14.0, 'garden': 0, 'number_facades': 4.0, 'swimming_pool': 0, 'state_of_building': 'Excellent'}"
687,688,locality_name,Kattendijkdok-Oostkaai 22 P.3.204,Kattendijkdok-Oostkaai 22 P.3.303,"{'postal_code': 2000, 'locality_name': 'Kattendijkdok-Oostkaai 22 P.3.204', 'subtype': 'Apartment', 'price': 775000, 'number_of_bedrooms': 3.0, 'living_area': 132, 'equiped_kitchen': 0, 'furnished': 0, 'open_fire': 0, 'terrace': 1, 'terrace_area': 14.0, 'garden': 0, 'number_facades': 4.0, 'swimming_pool': 0, 'state_of_building': 'Excellent'}","{'postal_code': 2000, 'locality_name': 'Kattendijkdok-Oostkaai 22 P.3.303', 'subtype': 'Apartment', 'price': 775000, 'number_of_bedrooms': 3.0, 'living_area': 132, 'equiped_kitchen': 0, 'furnished': 0, 'open_fire': 0, 'terrace': 1, 'terrace_area': 14.0, 'garden': 0, 'number_facades': 4.0, 'swimming_pool': 0, 'state_of_building': 'Excellent'}"
687,689,locality_name,Kattendijkdok-Oostkaai 22 P.3.204,Kattendijkdok-Oostkaai 22 P.3.203,"{'postal_code': 2000, 'locality_name': 'Kattendijkdok-Oostkaai 22 P.3.204', 'subtype': 'Apartment', 'price': 775000, 'number_of_bedrooms': 3.0, 'living_area': 132, 'equiped_kitchen': 0, 'furnished': 0, 'open_fire': 0, 'terrace': 1, 'terrace_area': 14.0, 'garden': 0, 'number_facades': 4.0, 'swimming_pool': 0, 'state_of_building': 'Excellent'}","{'postal_code': 2000, 'locality_name': 'Kattendijkdok-Oostkaai 22 P.3.203', 'subtype': 'Apartment', 'price': 775000, 'number_of_bedrooms': 3.0, 'living_area': 132, 'equiped_kitchen': 0, 'furnished': 0, 'open_fire': 0, 'terrace': 1, 'terrace_area': 14.0, 'garden': 0, 'number_facades': 4.0, 'swimming_pool': 0, 'state_of_building': 'Excellent'}"
688,689,locality_name,Kattendijkdok-Oostkaai 22 P.3.303,Kattendijkdok-Oostkaai 22 P.3.203,"{'postal_code': 2000, 'locality_name': 'Kattendijkdok-Oostkaai 22 P.3.303', 'subtype': 'Apartment', 'price': 775000, 'number_of_bedrooms': 3.0, 'living_area': 132, 'equiped_kitchen': 0, 'furnished': 0, 'open_fire': 0, 'terrace': 1, 'terrace_area': 14.0, 'garden': 0, 'number_facades': 4.0, 'swimming_pool': 0, 'state_of_building': 'Excellent'}","{'postal_code': 2000, 'locality_name': 'Kattendijkdok-Oostkaai 22 P.3.203', 'subtype': 'Apartment', 'price': 775000, 'number_of_bedrooms': 3.0, 'living_area': 132, 'equiped_kitchen': 0, 'furnished': 0, 'open_fire': 0, 'terrace': 1, 'terrace_area': 14.0, 'garden': 0, 'number_facades': 4.0, 'swimming_pool': 0, 'state_of_building': 'Excellent'}"
699,700,locality_name,Kattendijkdok-Oostkaai 22 M.2.201,Kattendijkdok-Oostkaai 22 M.2.202,"{'postal_code': 2000, 'locality_name': 'Kattendijkdok-Oostkaai 22 M.2.201', 'subtype': 'Apartment', 'price': 695000, 'number_of_bedrooms': 5.0, 'living_area': 158, 'equiped_kitchen': 0, 'furnished': 0, 'open_fire': 0, 'terrace': 1, 'terrace_area': 23.0, 'garden': 1, 'number_facades': 4.0, 'swimming_pool': 0, 'state_of_building': 'Excellent'}","{'postal_code': 2000, 'locality_name': 'Kattendijkdok-Oostkaai 22 M.2.202', 'subtype': 'Apartment', 'price': 695000, 'number_of_bedrooms': 5.0, 'living_area': 158, 'equiped_kitchen': 0, 'furnished': 0, 'open_fire': 0, 'terrace': 1, 'terrace_area': 23.0, 'garden': 1, 'number_facades': 4.0, 'swimming_pool': 0, 'state_of_building': 'Excellent'}"
705,706,locality_name,Copernicuslaan 1 A 1.1,Copernicuslaan 1 A 2.1,"{'postal_code': 2018, 'locality_name': 'Copernicuslaan 1 A 1.1', 'subtype': 'Apartment', 'price': 319000, 'number_of_bedrooms': 1.0, 'living_area': 80, 'equiped_kitchen': 0, 'furnished': 0, 'open_fire': 0, 'terrace': 1, 'terrace_area': 5.0, 'garden': 0, 'number_facades': 4.0, 'swimming_pool': 0, 'state_of_building': 'Excellent'}","{'postal_code': 2018, 'locality_name': 'Copernicuslaan 1 A 2.1', 'subtype': 'Apartment', 'price': 319000, 'number_of_bedrooms': 1.0, 'living_area': 80, 'equiped_kitchen': 0, 'furnished': 0, 'open_fire': 0, 'terrace': 1, 'terrace_area': 5.0, 'garden': 0, 'number_facades': 4.0, 'swimming_pool': 0, 'state_of_building': 'Excellent'}"
711,715,locality_name,Copernicuslaan 1 C 7.4,Copernicuslaan 1 C 9.1,"{'postal_code': 2018, 'locality_name': 'Copernicuslaan 1 C 7.4', 'subtype': 'Apartment', 'price': 439000, 'number_of_bedrooms': 2.0, 'living_area': 102, 'equiped_kitchen': 0, 'furnished': 0, 'open_fire': 0, 'terrace': 1, 'terrace_area': 13.0, 'garden': 0, 'number_facades': 4.0, 'swimming_pool': 0, 'state_of_building': 'Excellent'}","{'postal_code': 2018, 'locality_name': 'Copernicuslaan 1 C 9.1', 'subtype': 'Apartment', 'price': 439000, 'number_of_bedrooms': 2.0, 'living_area': 102, 'equiped_kitchen': 0, 'furnished': 0, 'open_fire': 0, 'terrace': 1, 'terrace_area': 13.0, 'garden': 0, 'number_facades': 4.0, 'swimming_pool': 0, 'state_of_building': 'Excellent'}"
767,771,postal_code,1300,1301,"{'postal_code': 1300, 'locality_name': 'Route Provinciale 300 4', 'subtype': 'Apartment', 'price': 314000, 'number_of_bedrooms': 2.0, 'living_area': 82, 'equiped_kitchen': 1, 'furnished': 0, 'open_fire': 0, 'terrace': 1, 'terrace_area': 4.0, 'garden': 0, 'number_facades': 3.0, 'swimming_pool': 0, 'state_of_building': 'Normal'}","{'postal_code': 1301, 'locality_name': 'Route Provinciale 300 4', 'subtype': 'Apartment', 'price': 314000, 'number_of_bedrooms': 2.0, 'living_area': 82, 'equiped_kitchen': 1, 'furnished': 0, 'open_fire': 0, 'terrace': 1, 'terrace_area': 4.0, 'garden': 0, 'number_facades': 3.0, 'swimming_pool': 0, 'state_of_building': 'Normal'}"
826,839,postal_code,1460,1461,"{'postal_code': 1460, 'locality_name': 'Chaussée de Nivelles 50', 'subtype': 'Apartment', 'price': 179000, 'number_of_bedrooms': 1.0, 'living_area': 74, 'equiped_kitchen': 1, 'furnished': 0, 'open_fire': 0, 'terrace': 1, 'terrace_area': 4.0, 'garden': 0, 'number_facades': 2.0, 'swimming_pool': 0, 'state_of_building': 'Excellent'}","{'postal_code': 1461, 'locality_name': 'Chaussée de Nivelles 50', 'subtype': 'Apartment', 'price': 179000, 'number_of_bedrooms': 1.0, 'living_area': 74, 'equiped_kitchen': 1, 'furnished': 0, 'open_fire': 0, 'terrace': 1, 'terrace_area': 4.0, 'garden': 0, 'number_facades': 2.0, 'swimming_pool': 0, 'state_of_building': 'Excellent'}"
888,1184,subtype,Villa,Residence,"{'postal_code': 1320, 'locality_name': 'Rue de Mélin 13', 'subtype': 'Villa', 'price': 540000, 'number_of_bedrooms': 4.0, 'living_area': 198, 'equiped_kitchen': 0, 'furnished': 0, 'open_fire': 0, 'terrace': 1, 'terrace_area': 118.0, 'garden': 1, 'number_facades': 4.0, 'swimming_pool': 0, 'state_of_building': 'To renovate'}","{'postal_code': 1320, 'locality_name': 'Rue de Mélin 13', 'subtype': 'Residence', 'price': 540000, 'number_of_bedrooms': 4.0, 'living_area': 198, 'equiped_kitchen': 0, 'furnished': 0, 'open_fire': 0, 'terrace': 1, 'terrace_area': 118.0, 'garden': 1, 'number_facades': 4.0, 'swimming_pool': 0, 'state_of_building': 'To renovate'}"
1073,1131,subtype,Mixed building,Residence,"{'postal_code': 1300, 'locality_name': 'Rue Sainte-Reine 22', 'subtype': 'Mixed building', 'price': 295000, 'number_of_bedrooms': 3.0, 'living_area': 120, 'equiped_kitchen': 1, 'furnished': 0, 'open_fire': 0, 'terrace': 1, 'terrace_area': 12.0, 'garden': 1, 'number_facades': 2.0, 'swimming_pool': 0, 'state_of_building': 'To be renovated'}","{'postal_code': 1300, 'locality_name': 'Rue Sainte-Reine 22', 'subtype': 'Residence', 'price': 295000, 'number_of_bedrooms': 3.0, 'living_area': 120, 'equiped_kitchen': 1, 'furnished': 0, 'open_fire': 0, 'terrace': 1, 'terrace_area': 12.0, 'garden': 1, 'number_facades': 2.0, 'swimming_pool': 0, 'state_of_building': 'To be renovated'}"
1173,1197,postal_code,1470,1472,"{'postal_code': 1470, 'locality_name': 'Chaussée de Nivelles 183', 'subtype': 'Residence', 'price': 299000, 'number_of_bedrooms': 3.0, 'living_area': 153, 'equiped_kitchen': 0, 'furnished': 0, 'open_fire': 0, 'terrace': 1, 'terrace_area': 1.0, 'garden': 1, 'number_facades': 3.0, 'swimming_pool': 0, 'state_of_building': 'To be renovated'}","{'postal_code': 1472, 'locality_name': 'Chaussée de Nivelles 183', 'subtype': 'Residence', 'price': 299000, 'number_of_bedrooms': 3.0, 'living_area': 153, 'equiped_kitchen': 0, 'furnished': 0, 'open_fire': 0, 'terrace': 1, 'terrace_area': 1.0, 'garden': 1, 'number_facades': 3.0, 'swimming_pool': 0, 'state_of_building': 'To be renovated'}"
1184,1206,price,540000,565000,"{'postal_code': 1320, 'locality_name': 'Rue de Mélin 13', 'subtype': 'Residence', 'price': 540000, 'number_of_bedrooms': 4.0, 'living_area': 198, 'equiped_kitchen': 0, 'furnished': 0, 'open_fire': 0, 'terrace': 1, 'terrace_area': 118.0, 'garden': 1, 'number_facades': 4.0, 'swimming_pool': 0, 'state_of_building': 'To renovate'}","{'postal_code': 1320, 'locality_name': 'Rue de Mélin 13', 'subtype': 'Residence', 'price': 565000, 'number_of_bedrooms': 4.0, 'living_area': 198, 'equiped_kitchen': 0, 'furnished': 0, 'open_fire': 0, 'terrace': 1, 'terrace_area': 118.0, 'garden': 1, 'number_facades': 4.0, 'swimming_pool': 0, 'state_of_building': 'To renovate'}"
1389,1396,subtype,Residence,Loft,"{'postal_code': 1370, 'locality_name': 'Chaussée de Tirlemont 218 C', 'subtype': 'Residence', 'price': 245000, 'number_of_bedrooms': 1.0, 'living_area': 165, 'equiped_kitchen': 0, 'furnished': 0, 'open_fire': 0, 'terrace': 1, 'terrace_area': 4.0, 'garden': 0, 'number_facades': 2.0, 'swimming_pool': 0, 'state_of_building': 'Normal'}","{'postal_code': 1370, 'locality_name': 'Chaussée de Tirlemont 218 C', 'subtype': 'Loft', 'price': 245000, 'number_of_bedrooms': 1.0, 'living_area': 165, 'equiped_kitchen': 0, 'furnished': 0, 'open_fire': 0, 'terrace': 1, 'terrace_area': 4.0, 'garden': 0, 'number_facades': 2.0, 'swimming_pool': 0, 'state_of_building': 'Normal'}"
1406,1411,subtype,Ground floor,Residence,"{'postal_code': 1480, 'locality_name': 'Rue des Frères Vanbellinghen 19', 'subtype': 'Ground floor', 'price': 319000, 'number_of_bedrooms': 2.0, 'living_area': 134, 'equiped_kitchen': 0, 'furnished': 0, 'open_fire': 0, 'terrace': 1, 'terrace_area': 25.0, 'garden': 1, 'number_facades': 3.0, 'swimming_pool': 0, 'state_of_building': 'Normal'}","{'postal_code': 1480, 'locality_name': 'Rue des Frères Vanbellinghen 19', 'subtype': 'Residence', 'price': 319000, 'number_of_bedrooms': 2.0, 'living_area': 134, 'equiped_kitchen': 0, 'furnished': 0, 'open_fire': 0, 'terrace': 1, 'terrace_area': 25.0, 'garden': 1, 'number_facades': 3.0, 'swimming_pool': 0, 'state_of_building': 'Normal'}"
1455,1459,price,219000,254000,"{'postal_code': 9600, 'locality_name': 'Oswald Ponettestraat 88 b/0004', 'subtype': 'Apartment', 'price': 219000, 'number_of_bedrooms': 1.0, 'living_area': 83, 'equiped_kitchen': 0, 'furnished': 0, 'open_fire': 0, 'terrace': 1, 'terrace_area': 11.0, 'garden': 0, 'number_facades': 2.0, 'swimming_pool': 0, 'state_of_building': 'Excellent'}","{'postal_code': 9600, 'locality_name': 'Oswald Ponettestraat 88 b/0004', 'subtype': 'Apartment', 'price': 254000, 'number_of_bedrooms': 1.0, 'living_area': 83, 'equiped_kitchen': 0, 'furnished': 0, 'open_fire': 0, 'terrace': 1, 'terrace_area': 11.0, 'garden': 0, 'number_facades': 2.0, 'swimming_pool': 0, 'state_of_building': 'Excellent'}"
1456,1457,price,220000,249000,"{'postal_code': 9600, 'locality_name': 'Oswald Ponettestraat 88 b/0004', 'subtype': 'Apartment', 'price': 220000, 'number_of_bedrooms': 1.0, 'living_area': 81, 'equiped_kitchen': 0, 'furnished': 0, 'open_fire': 0, 'terrace': 1, 'terrace_area': 11.0, 'garden': 0, 'number_facades': 2.0, 'swimming_pool': 0, 'state_of_building': 'Excellent'}","{'postal_code': 9600, 'locality_name': 'Oswald Ponettestraat 88 b/0004', 'subtype': 'Apartment', 'price': 249000, 'number_of_bedrooms': 1.0, 'living_area': 81, 'equiped_kitchen': 0, 'furnished': 0, 'open_fire': 0, 'terrace': 1, 'terrace_area': 11.0, 'garden': 0, 'number_facades': 2.0, 'swimming_pool': 0, 'state_of_building': 'Excellent'}"
1457,1458,living_area,81,82,"{'postal_code': 9600, 'locality_name': 'Oswald Ponettestraat 88 b/0004', 'subtype': 'Apartment', 'price': 249000, 'number_of_bedrooms': 1.0, 'living_area': 81, 'equiped_kitchen': 0, 'furnished': 0, 'open_fire': 0, 'terrace': 1, 'terrace_area': 11.0, 'garden': 0, 'number_facades': 2.0, 'swimming_pool': 0, 'state_of_building': 'Excellent'}","{'postal_code': 9600, 'locality_name': 'Oswald Ponettestraat 88 b/0004', 'subtype': 'Apartment', 'price': 249000, 'number_of_bedrooms': 1.0, 'living_area': 82, 'equiped_kitchen': 0, 'furnished': 0, 'open_fire': 0, 'terrace': 1, 'terrace_area': 11.0, 'garden': 0, 'number_facades': 2.0, 'swimming_pool': 0, 'state_of_building': 'Excellent'}"
1479,1481,postal_code,9820,9090,"{'postal_code': 9820, 'locality_name': 'Brusselsesteenweg 157B 001', 'subtype': 'Ground floor', 'price': 585000, 'number_of_bedrooms': 3.0, 'living_area': 149, 'equiped_kitchen': 1, 'furnished': 0, 'open_fire': 0, 'terrace': 1, 'terrace_area': 30.0, 'garden': 1, 'number_facades': 3.0, 'swimming_pool': 0, 'state_of_building': 'Excellent'}","{'postal_code': 9090, 'locality_name': 'Brusselsesteenweg 157B 001', 'subtype': 'Ground floor', 'price': 585000, 'number_of_bedrooms': 3.0, 'living_area': 149, 'equiped_kitchen': 1, 'furnished': 0, 'open_fire': 0, 'terrace': 1, 'terrace_area': 30.0, 'garden': 1, 'number_facades': 3.0, 'swimming_pool': 0, 'state_of_building': 'Excellent'}"
1568,1570,postal_code,9840,9810,"{'postal_code': 9840, 'locality_name': 'Hoogkouter 32 0103', 'subtype': 'Apartment', 'price': 399000, 'number_of_bedrooms': 2.0, 'living_area': 97, 'equiped_kitchen': 1, 'furnished': 0, 'open_fire': 0, 'terrace': 1, 'terrace_area': 25.0, 'garden': 0, 'number_facades': 2.0, 'swimming_pool': 0, 'state_of_building': 'Excellent'}","{'postal_code': 9810, 'locality_name': 'Hoogkouter 32 0103', 'subtype': 'Apartment', 'price': 399000, 'number_of_bedrooms': 2.0, 'living_area': 97, 'equiped_kitchen': 1, 'furnished': 0, 'open_fire': 0, 'terrace': 1, 'terrace_area': 25.0, 'garden': 0, 'number_facades': 2.0, 'swimming_pool': 0, 'state_of_building': 'Excellent'}"
1856,1860,postal_code,9000,9052,"{'postal_code': 9000, 'locality_name': 'Nederzwijnaarde 6A', 'subtype': 'Apartment', 'price': 439000, 'number_of_bedrooms': 3.0, 'living_area': 135, 'equiped_kitchen': 1, 'furnished': 0, 'open_fire': 0, 'terrace': 1, 'terrace_area': 12.0, 'garden': 1, 'number_facades': 2.0, 'swimming_pool': 0, 'state_of_building': 'Normal'}","{'postal_code': 9052, 'locality_name': 'Nederzwijnaarde 6A', 'subtype': 'Apartment', 'price': 439000, 'number_of_bedrooms': 3.0, 'living_area': 135, 'equiped_kitchen': 1, 'furnished': 0, 'open_fire': 0, 'terrace': 1, 'terrace_area': 12.0, 'garden': 1, 'number_facades': 2.0, 'swimming_pool': 0, 'state_of_building': 'Normal'}"
2220,2225,subtype,Residence,Mixed building,"{'postal_code': 6060, 'locality_name': 'Rue Noël 29', 'subtype': 'Residence', 'price': 280000, 'number_of_bedrooms': 5.0, 'living_area': 226, 'equiped_kitchen': 1, 'furnished': 0, 'open_fire': 0, 'terrace': 1, 'terrace_area': 15.0, 'garden': 1, 'number_facades': 2.0, 'swimming_pool': 0, 'state_of_building': 'To be renovated'}","{'postal_code': 6060, 'locality_name': 'Rue Noël 29', 'subtype': 'Mixed building', 'price': 280000, 'number_of_bedrooms': 5.0, 'living_area': 226, 'equiped_kitchen': 1, 'furnished': 0, 'open_fire': 0, 'terrace': 1, 'terrace_area': 15.0, 'garden': 1, 'number_facades': 2.0, 'swimming_pool': 0, 'state_of_building': 'To be renovated'}"
2299,2311,subtype,Residence,Villa,"{'postal_code': 6120, 'locality_name': 'Gillemont 30', 'subtype': 'Residence', 'price': 550000, 'number_of_bedrooms': 4.0, 'living_area': 300, 'equiped_kitchen': 0, 'furnished': 0, 'open_fire': 0, 'terrace': 1, 'terrace_area': 69.0, 'garden': 1, 'number_facades': 4.0, 'swimming_pool': 0, 'state_of_building': 'Excellent'}","{'postal_code': 6120, 'locality_name': 'Gillemont 30', 'subtype': 'Villa', 'price': 550000, 'number_of_bedrooms': 4.0, 'living_area': 300, 'equiped_kitchen': 0, 'furnished': 0, 'open_fire': 0, 'terrace': 1, 'terrace_area': 69.0, 'garden': 1, 'number_facades': 4.0, 'swimming_pool': 0, 'state_of_building': 'Excellent'}"
2401,2410,postal_code,7862,7860,"{'postal_code': 7862, 'locality_name': ""Rue Ponchaut D'Ogy 8"", 'subtype': 'Residence', 'price': 625000, 'number_of_bedrooms': 5.0, 'living_area': 510, 'equiped_kitchen': 0, 'furnished': 0, 'open_fire': 0, 'terrace': 1, 'terrace_area': 40.0, 'garden': 1, 'number_facades': 4.0, 'swimming_pool': 1, 'state_of_building': 'To renovate'}","{'postal_code': 7860, 'locality_name': ""Rue Ponchaut D'Ogy 8"", 'subtype': 'Residence', 'price': 625000, 'number_of_bedrooms': 5.0, 'living_area': 510, 'equiped_kitchen': 0, 'furnished': 0, 'open_fire': 0, 'terrace': 1, 'terrace_area': 40.0, 'garden': 1, 'number_facades': 4.0, 'swimming_pool': 1, 'state_of_building': 'To renovate'}"
2897,2916,locality_name,Rue des Justes 14,Rue des Justes 12,"{'postal_code': 7100, 'locality_name': 'Rue des Justes 14', 'subtype': 'Residence', 'price': 210000, 'number_of_bedrooms': 3.0, 'living_area': 120, 'equiped_kitchen': 0, 'furnished': 0, 'open_fire': 0, 'terrace': 1, 'terrace_area': 12.0, 'garden': 1, 'number_facades': 2.0, 'swimming_pool': 0, 'state_of_building': 'Excellent'}","{'postal_code': 7100, 'locality_name': 'Rue des Justes 12', 'subtype': 'Residence', 'price': 210000, 'number_of_bedrooms': 3.0, 'living_area': 120, 'equiped_kitchen': 0, 'furnished': 0, 'open_fire': 0, 'terrace': 1, 'terrace_area': 12.0, 'garden': 1, 'number_facades': 2.0, 'swimming_pool': 0, 'state_of_building': 'Excellent'}"
3059,4084,postal_code,4880,3791,"{'postal_code': 4880, 'locality_name': 'Born 1', 'subtype': 'Residence', 'price': 420000, 'number_of_bedrooms': 4.0, 'living_area': 228, 'equiped_kitchen': 1, 'furnished': 0, 'open_fire': 0, 'terrace': 1, 'terrace_area': 63.0, 'garden': 1, 'number_facades': 3.0, 'swimming_pool': 0, 'state_of_building': 'Excellent'}","{'postal_code': 3791, 'locality_name': 'Born 1', 'subtype': 'Residence', 'price': 420000, 'number_of_bedrooms': 4.0, 'living_area': 228, 'equiped_kitchen': 1, 'furnished': 0, 'open_fire': 0, 'terrace': 1, 'terrace_area': 63.0, 'garden': 1, 'number_facades': 3.0, 'swimming_pool': 0, 'state_of_building': 'Excellent'}"
3112,6344,postal_code,4287,3400,"{'postal_code': 4287, 'locality_name': 'Racourhalte 2', 'subtype': 'Residence', 'price': 320000, 'number_of_bedrooms': 3.0, 'living_area': 327, 'equiped_kitchen': 0, 'furnished': 0, 'open_fire': 0, 'terrace': 1, 'terrace_area': 65.0, 'garden': 1, 'number_facades': 4.0, 'swimming_pool': 0, 'state_of_building': 'To renovate'}","{'postal_code': 3400, 'locality_name': 'Racourhalte 2', 'subtype': 'Residence', 'price': 320000, 'number_of_bedrooms': 3.0, 'living_area': 327, 'equiped_kitchen': 0, 'furnished': 0, 'open_fire': 0, 'terrace': 1, 'terrace_area': 65.0, 'garden': 1, 'number_facades': 4.0, 'swimming_pool': 0, 'state_of_building': 'To renovate'}"
3207,3380,postal_code,4800,4821,"{'postal_code': 4800, 'locality_name': 'Rue Henripré 102', 'subtype': 'Residence', 'price': 990000, 'number_of_bedrooms': 4.0, 'living_area': 185, 'equiped_kitchen': 0, 'furnished': 0, 'open_fire': 0, 'terrace': 1, 'terrace_area': 42.0, 'garden': 1, 'number_facades': 4.0, 'swimming_pool': 1, 'state_of_building': 'Excellent'}","{'postal_code': 4821, 'locality_name': 'Rue Henripré 102', 'subtype': 'Residence', 'price': 990000, 'number_of_bedrooms': 4.0, 'living_area': 185, 'equiped_kitchen': 0, 'furnished': 0, 'open_fire': 0, 'terrace': 1, 'terrace_area': 42.0, 'garden': 1, 'number_facades': 4.0, 'swimming_pool': 1, 'state_of_building': 'Excellent'}"
3277,3292,subtype,Mixed building,Residence,"{'postal_code': 4040, 'locality_name': 'En Hayeneux 80', 'subtype': 'Mixed building', 'price': 259000, 'number_of_bedrooms': 5.0, 'living_area': 210, 'equiped_kitchen': 1, 'furnished': 0, 'open_fire': 0, 'terrace': 1, 'terrace_area': 79.0, 'garden': 1, 'number_facades': 2.0, 'swimming_pool': 0, 'state_of_building': 'Fully renovated'}","{'postal_code': 4040, 'locality_name': 'En Hayeneux 80', 'subtype': 'Residence', 'price': 259000, 'number_of_bedrooms': 5.0, 'living_area': 210, 'equiped_kitchen': 1, 'furnished': 0, 'open_fire': 0, 'terrace': 1, 'terrace_area': 79.0, 'garden': 1, 'number_facades': 2.0, 'swimming_pool': 0, 'state_of_building': 'Fully renovated'}"
3404,3454,price,199000,219000,"{'postal_code': 4920, 'locality_name': 'Rouge Thier 6', 'subtype': 'Residence', 'price': 199000, 'number_of_bedrooms': 4.0, 'living_area': 133, 'equiped_kitchen': 0, 'furnished': 0, 'open_fire': 0, 'terrace': 1, 'terrace_area': 20.0, 'garden': 1, 'number_facades': 4.0, 'swimming_pool': 0, 'state_of_building': 'To be renovated'}","{'postal_code': 4920, 'locality_name': 'Rouge Thier 6', 'subtype': 'Residence', 'price': 219000, 'number_of_bedrooms': 4.0, 'living_area': 133, 'equiped_kitchen': 0, 'furnished': 0, 'open_fire': 0, 'terrace': 1, 'terrace_area': 20.0, 'garden': 1, 'number_facades': 4.0, 'swimming_pool': 0, 'state_of_building': 'To be renovated'}"
3470,3474,subtype,Apartment,Villa,"{'postal_code': 4000, 'locality_name': 'Rue Saint-Gilles 504', 'subtype': 'Apartment', 'price': 234000, 'number_of_bedrooms': 2.0, 'living_area': 75, 'equiped_kitchen': 0, 'furnished': 0, 'open_fire': 0, 'terrace': 1, 'terrace_area': 7.0, 'garden': 0, 'number_facades': 3.0, 'swimming_pool': 0, 'state_of_building': 'Normal'}","{'postal_code': 4000, 'locality_name': 'Rue Saint-Gilles 504', 'subtype': 'Villa', 'price': 234000, 'number_of_bedrooms': 2.0, 'living_area': 75, 'equiped_kitchen': 0, 'furnished': 0, 'open_fire': 0, 'terrace': 1, 'terrace_area': 7.0, 'garden': 0, 'number_facades': 3.0, 'swimming_pool': 0, 'state_of_building': 'Normal'}"
3533,3539,postal_code,4020,4000,"{'postal_code': 4020, 'locality_name': 'Rue Léon Frédéricq 5 72', 'subtype': 'Penthouse', 'price': 599000, 'number_of_bedrooms': 3.0, 'living_area': 145, 'equiped_kitchen': 0, 'furnished': 0, 'open_fire': 0, 'terrace': 1, 'terrace_area': 46.0, 'garden': 0, 'number_facades': 3.0, 'swimming_pool': 0, 'state_of_building': 'Excellent'}","{'postal_code': 4000, 'locality_name': 'Rue Léon Frédéricq 5 72', 'subtype': 'Penthouse', 'price': 599000, 'number_of_bedrooms': 3.0, 'living_area': 145, 'equiped_kitchen': 0, 'furnished': 0, 'open_fire': 0, 'terrace': 1, 'terrace_area': 46.0, 'garden': 0, 'number_facades': 3.0, 'swimming_pool': 0, 'state_of_building': 'Excellent'}"
3808,3814,price,299000,265000,"{'postal_code': 4100, 'locality_name': 'Rue Ferrer 176', 'subtype': 'Residence', 'price': 299000, 'number_of_bedrooms': 6.0, 'living_area': 314, 'equiped_kitchen': 0, 'furnished': 0, 'open_fire': 0, 'terrace': 1, 'terrace_area': 9.0, 'garden': 1, 'number_facades': 3.0, 'swimming_pool': 0, 'state_of_building': 'Normal'}","{'postal_code': 4100, 'locality_name': 'Rue Ferrer 176', 'subtype': 'Residence', 'price': 265000, 'number_of_bedrooms': 6.0, 'living_area': 314, 'equiped_kitchen': 0, 'furnished': 0, 'open_fire': 0, 'terrace': 1, 'terrace_area': 9.0, 'garden': 1, 'number_facades': 3.0, 'swimming_pool': 0, 'state_of_building': 'Normal'}"
3830,3833,postal_code,4651,4650,"{'postal_code': 4651, 'locality_name': 'Rue de Herve 121', 'subtype': 'Villa', 'price': 550000, 'number_of_bedrooms': 3.0, 'living_area': 260, 'equiped_kitchen': 1, 'furnished': 0, 'open_fire': 0, 'terrace': 1, 'terrace_area': 30.0, 'garden': 1, 'number_facades': 4.0, 'swimming_pool': 0, 'state_of_building': 'Excellent'}","{'postal_code': 4650, 'locality_name': 'Rue de Herve 121', 'subtype': 'Villa', 'price': 550000, 'number_of_bedrooms': 3.0, 'living_area': 260, 'equiped_kitchen': 1, 'furnished': 0, 'open_fire': 0, 'terrace': 1, 'terrace_area': 30.0, 'garden': 1, 'number_facades': 4.0, 'swimming_pool': 0, 'state_of_building': 'Excellent'}"
4660,4969,price,210000,229000,"{'postal_code': 6900, 'locality_name': 'Rue Saint-Gobert 3', 'subtype': 'Residence', 'price': 210000, 'number_of_bedrooms': 4.0, 'living_area': 155, 'equiped_kitchen': 1, 'furnished': 0, 'open_fire': 0, 'terrace': 1, 'terrace_area': 40.0, 'garden': 1, 'number_facades': 3.0, 'swimming_pool': 0, 'state_of_building': 'Normal'}","{'postal_code': 6900, 'locality_name': 'Rue Saint-Gobert 3', 'subtype': 'Residence', 'price': 229000, 'number_of_bedrooms': 4.0, 'living_area': 155, 'equiped_kitchen': 1, 'furnished': 0, 'open_fire': 0, 'terrace': 1, 'terrace_area': 40.0, 'garden': 1, 'number_facades': 3.0, 'swimming_pool': 0, 'state_of_building': 'Normal'}"
4773,4774,state_of_building,Normal,,"{'postal_code': 6640, 'locality_name': 'Rue de la roye 21', 'subtype': 'Residence', 'price': 1200000, 'number_of_bedrooms': 8.0, 'living_area': 482, 'equiped_kitchen': 1, 'furnished': 0, 'open_fire': 1, 'terrace': 1, 'terrace_area': 89.0, 'garden': 1, 'number_facades': 4.0, 'swimming_pool': 0, 'state_of_building': 'Normal'}","{'postal_code': 6640, 'locality_name': 'Rue de la roye 21', 'subtype': 'Residence', 'price': 1200000, 'number_of_bedrooms': 8.0, 'living_area': 482, 'equiped_kitchen': 1, 'furnished': 0, 'open_fire': 1, 'terrace': 1, 'terrace_area': 89.0, 'garden': 1, 'number_facades': 4.0, 'swimming_pool': 0, 'state_of_building': nan}"
5161,5164,postal_code,6698,6690,"{'postal_code': 6698, 'locality_name': 'Mont 14', 'subtype': 'Residence', 'price': 545000, 'number_of_bedrooms': 9.0, 'living_area': 617, 'equiped_kitchen': 1, 'furnished': 0, 'open_fire': 0, 'terrace': 1, 'terrace_area': 15.0, 'garden': 1, 'number_facades': 4.0, 'swimming_pool': 0, 'state_of_building': 'Normal'}","{'postal_code': 6690, 'locality_name': 'Mont 14', 'subtype': 'Residence', 'price': 545000, 'number_of_bedrooms': 9.0, 'living_area': 617, 'equiped_kitchen': 1, 'furnished': 0, 'open_fire': 0, 'terrace': 1, 'terrace_area': 15.0, 'garden': 1, 'number_facades': 4.0, 'swimming_pool': 0, 'state_of_building': 'Normal'}"
5494,6016,price,959000,198000,"{'postal_code': 5555, 'locality_name': 'Rue de Bouillon 103', 'subtype': 'Residence', 'price': 959000, 'number_of_bedrooms': 4.0, 'living_area': 205, 'equiped_kitchen': 1, 'furnished': 0, 'open_fire': 0, 'terrace': 1, 'terrace_area': 53.0, 'garden': 1, 'number_facades': 4.0, 'swimming_pool': 1, 'state_of_building': 'To restore'}","{'postal_code': 5555, 'locality_name': 'Rue de Bouillon 103', 'subtype': 'Residence', 'price': 198000, 'number_of_bedrooms': 4.0, 'living_area': 205, 'equiped_kitchen': 1, 'furnished': 0, 'open_fire': 0, 'terrace': 1, 'terrace_area': 53.0, 'garden': 1, 'number_facades': 4.0, 'swimming_pool': 1, 'state_of_building': 'To restore'}"
5849,5852,subtype,Residence,Master house,"{'postal_code': 5300, 'locality_name': 'Avenue Roi Albert 39', 'subtype': 'Residence', 'price': 295000, 'number_of_bedrooms': 4.0, 'living_area': 160, 'equiped_kitchen': 0, 'furnished': 0, 'open_fire': 0, 'terrace': 1, 'terrace_area': 41.0, 'garden': 1, 'number_facades': 2.0, 'swimming_pool': 0, 'state_of_building': 'Normal'}","{'postal_code': 5300, 'locality_name': 'Avenue Roi Albert 39', 'subtype': 'Master house', 'price': 295000, 'number_of_bedrooms': 4.0, 'living_area': 160, 'equiped_kitchen': 0, 'furnished': 0, 'open_fire': 0, 'terrace': 1, 'terrace_area': 41.0, 'garden': 1, 'number_facades': 2.0, 'swimming_pool': 0, 'state_of_building': 'Normal'}"
6260,6261,locality_name,Dendermondestraat 1.2,Dendermondestraat 1.1,"{'postal_code': 1785, 'locality_name': 'Dendermondestraat 1.2', 'subtype': 'Apartment', 'price': 305000, 'number_of_bedrooms': 2.0, 'living_area': 94, 'equiped_kitchen': 0, 'furnished': 0, 'open_fire': 0, 'terrace': 1, 'terrace_area': 6.0, 'garden': 0, 'number_facades': 3.0, 'swimming_pool': 0, 'state_of_building': 'Normal'}","{'postal_code': 1785, 'locality_name': 'Dendermondestraat 1.1', 'subtype': 'Apartment', 'price': 305000, 'number_of_bedrooms': 2.0, 'living_area': 94, 'equiped_kitchen': 0, 'furnished': 0, 'open_fire': 0, 'terrace': 1, 'terrace_area': 6.0, 'garden': 0, 'number_facades': 3.0, 'swimming_pool': 0, 'state_of_building': 'Normal'}"
6308,6310,subtype,Duplex,Residence,"{'postal_code': 1970, 'locality_name': 'Chemin au Bois 44', 'subtype': 'Duplex', 'price': 560000, 'number_of_bedrooms': 3.0, 'living_area': 160, 'equiped_kitchen': 0, 'furnished': 0, 'open_fire': 0, 'terrace': 1, 'terrace_area': 24.0, 'garden': 1, 'number_facades': 3.0, 'swimming_pool': 0, 'state_of_building': 'Normal'}","{'postal_code': 1970, 'locality_name': 'Chemin au Bois 44', 'subtype': 'Residence', 'price': 560000, 'number_of_bedrooms': 3.0, 'living_area': 160, 'equiped_kitchen': 0, 'furnished': 0, 'open_fire': 0, 'terrace': 1, 'terrace_area': 24.0, 'garden': 1, 'number_facades': 3.0, 'swimming_pool': 0, 'state_of_building': 'Normal'}"
6453,7086,price,440000,445000,"{'postal_code': 1601, 'locality_name': 'Fabriekstraat 63', 'subtype': 'Residence', 'price': 440000, 'number_of_bedrooms': 4.0, 'living_area': 180, 'equiped_kitchen': 0, 'furnished': 0, 'open_fire': 0, 'terrace': 1, 'terrace_area': 40.0, 'garden': 0, 'number_facades': 3.0, 'swimming_pool': 0, 'state_of_building': 'Fully renovated'}","{'postal_code': 1601, 'locality_name': 'Fabriekstraat 63', 'subtype': 'Residence', 'price': 445000, 'number_of_bedrooms': 4.0, 'living_area': 180, 'equiped_kitchen': 0, 'furnished': 0, 'open_fire': 0, 'terrace': 1, 'terrace_area': 40.0, 'garden': 0, 'number_facades': 3.0, 'swimming_pool': 0, 'state_of_building': 'Fully renovated'}"
6520,6525,postal_code,1630,1650,"{'postal_code': 1630, 'locality_name': 'Drève des Fauvettes 43', 'subtype': 'Residence', 'price': 1490000, 'number_of_bedrooms': 6.0, 'living_area': 340, 'equiped_kitchen': 1, 'furnished': 0, 'open_fire': 0, 'terrace': 1, 'terrace_area': 45.0, 'garden': 1, 'number_facades': 4.0, 'swimming_pool': 1, 'state_of_building': 'Excellent'}","{'postal_code': 1650, 'locality_name': 'Drève des Fauvettes 43', 'subtype': 'Residence', 'price': 1490000, 'number_of_bedrooms': 6.0, 'living_area': 340, 'equiped_kitchen': 1, 'furnished': 0, 'open_fire': 0, 'terrace': 1, 'terrace_area': 45.0, 'garden': 1, 'number_facades': 4.0, 'swimming_pool': 1, 'state_of_building': 'Excellent'}"
6520,6526,postal_code,1630,1640,"{'postal_code': 1630, 'locality_name': 'Drève des Fauvettes 43', 'subtype': 'Residence', 'price': 1490000, 'number_of_bedrooms': 6.0, 'living_area': 340, 'equiped_kitchen': 1, 'furnished': 0, 'open_fire': 0, 'terrace': 1, 'terrace_area': 45.0, 'garden': 1, 'number_facades': 4.0, 'swimming_pool': 1, 'state_of_building': 'Excellent'}","{'postal_code': 1640, 'locality_name': 'Drève des Fauvettes 43', 'subtype': 'Residence', 'price': 1490000, 'number_of_bedrooms': 6.0, 'living_area': 340, 'equiped_kitchen': 1, 'furnished': 0, 'open_fire': 0, 'terrace': 1, 'terrace_area': 45.0, 'garden': 1, 'number_facades': 4.0, 'swimming_pool': 1, 'state_of_building': 'Excellent'}"
6525,6526,postal_code,1650,1640,"{'postal_code': 1650, 'locality_name': 'Drève des Fauvettes 43', 'subtype': 'Residence', 'price': 1490000, 'number_of_bedrooms': 6.0, 'living_area': 340, 'equiped_kitchen': 1, 'furnished': 0, 'open_fire': 0, 'terrace': 1, 'terrace_area': 45.0, 'garden': 1, 'number_facades': 4.0, 'swimming_pool': 1, 'state_of_building': 'Excellent'}","{'postal_code': 1640, 'locality_name': 'Drève des Fauvettes 43', 'subtype': 'Residence', 'price': 1490000, 'number_of_bedrooms': 6.0, 'living_area': 340, 'equiped_kitchen': 1, 'furnished': 0, 'open_fire': 0, 'terrace': 1, 'terrace_area': 45.0, 'garden': 1, 'number_facades': 4.0, 'swimming_pool': 1, 'state_of_building': 'Excellent'}"
6647,6795,equiped_kitchen,1,0,"{'postal_code': 1640, 'locality_name': 'Avenue des Erables 48', 'subtype': 'Residence', 'price': 1890000, 'number_of_bedrooms': 4.0, 'living_area': 460, 'equiped_kitchen': 1, 'furnished': 0, 'open_fire': 0, 'terrace': 1, 'terrace_area': 120.0, 'garden': 1, 'number_facades': 4.0, 'swimming_pool': 1, 'state_of_building': 'Normal'}","{'postal_code': 1640, 'locality_name': 'Avenue des Erables 48', 'subtype': 'Residence', 'price': 1890000, 'number_of_bedrooms': 4.0, 'living_area': 460, 'equiped_kitchen': 0, 'furnished': 0, 'open_fire': 0, 'terrace': 1, 'terrace_area': 120.0, 'garden': 1, 'number_facades': 4.0, 'swimming_pool': 1, 'state_of_building': 'Normal'}"
8015,8032,price,375000,380000,"{'postal_code': 1190, 'locality_name': ""Chaussée d'Alsemberg 365"", 'subtype': 'Apartment', 'price': 375000, 'number_of_bedrooms': 1.0, 'living_area': 91, 'equiped_kitchen': 0, 'furnished': 0, 'open_fire': 0, 'terrace': 1, 'terrace_area': 2.0, 'garden': 0, 'number_facades': 2.0, 'swimming_pool': 0, 'state_of_building': 'Normal'}","{'postal_code': 1190, 'locality_name': ""Chaussée d'Alsemberg 365"", 'subtype': 'Apartment', 'price': 380000, 'number_of_bedrooms': 1.0, 'living_area': 91, 'equiped_kitchen': 0, 'furnished': 0, 'open_fire': 0, 'terrace': 1, 'terrace_area': 2.0, 'garden': 0, 'number_facades': 2.0, 'swimming_pool': 0, 'state_of_building': 'Normal'}"
8015,8752,state_of_building,Normal,To be renovated,"{'postal_code': 1190, 'locality_name': ""Chaussée d'Alsemberg 365"", 'subtype': 'Apartment', 'price': 375000, 'number_of_bedrooms': 1.0, 'living_area': 91, 'equiped_kitchen': 0, 'furnished': 0, 'open_fire': 0, 'terrace': 1, 'terrace_area': 2.0, 'garden': 0, 'number_facades': 2.0, 'swimming_pool': 0, 'state_of_building': 'Normal'}","{'postal_code': 1190, 'locality_name': ""Chaussée d'Alsemberg 365"", 'subtype': 'Apartment', 'price': 375000, 'number_of_bedrooms': 1.0, 'living_area': 91, 'equiped_kitchen': 0, 'furnished': 0, 'open_fire': 0, 'terrace': 1, 'terrace_area': 2.0, 'garden': 0, 'number_facades': 2.0, 'swimming_pool': 0, 'state_of_building': 'To be renovated'}"
8031,8752,price,350000,375000,"{'postal_code': 1190, 'locality_name': ""Chaussée d'Alsemberg 365"", 'subtype': 'Apartment', 'price': 350000, 'number_of_bedrooms': 1.0, 'living_area': 91, 'equiped_kitchen': 0, 'furnished': 0, 'open_fire': 0, 'terrace': 1, 'terrace_area': 2.0, 'garden': 0, 'number_facades': 2.0, 'swimming_pool': 0, 'state_of_building': 'To be renovated'}","{'postal_code': 1190, 'locality_name': ""Chaussée d'Alsemberg 365"", 'subtype': 'Apartment', 'price': 375000, 'number_of_bedrooms': 1.0, 'living_area': 91, 'equiped_kitchen': 0, 'furnished': 0, 'open_fire': 0, 'terrace': 1, 'terrace_area': 2.0, 'garden': 0, 'number_facades': 2.0, 'swimming_pool': 0, 'state_of_building': 'To be renovated'}"
8031,8764,price,350000,380000,"{'postal_code': 1190, 'locality_name': ""Chaussée d'Alsemberg 365"", 'subtype': 'Apartment', 'price': 350000, 'number_of_bedrooms': 1.0, 'living_area': 91, 'equiped_kitchen': 0, 'furnished': 0, 'open_fire': 0, 'terrace': 1, 'terrace_area': 2.0, 'garden': 0, 'number_facades': 2.0, 'swimming_pool': 0, 'state_of_building': 'To be renovated'}","{'postal_code': 1190, 'locality_name': ""Chaussée d'Alsemberg 365"", 'subtype': 'Apartment', 'price': 380000, 'number_of_bedrooms': 1.0, 'living_area': 91, 'equiped_kitchen': 0, 'furnished': 0, 'open_fire': 0, 'terrace': 1, 'terrace_area': 2.0, 'garden': 0, 'number_facades': 2.0, 'swimming_pool': 0, 'state_of_building': 'To be renovated'}"
8032,8764,state_of_building,Normal,To be renovated,"{'postal_code': 1190, 'locality_name': ""Chaussée d'Alsemberg 365"", 'subtype': 'Apartment', 'price': 380000, 'number_of_bedrooms': 1.0, 'living_area': 91, 'equiped_kitchen': 0, 'furnished': 0, 'open_fire': 0, 'terrace': 1, 'terrace_area': 2.0, 'garden': 0, 'number_facades': 2.0, 'swimming_pool': 0, 'state_of_building': 'Normal'}","{'postal_code': 1190, 'locality_name': ""Chaussée d'Alsemberg 365"", 'subtype': 'Apartment', 'price': 380000, 'number_of_bedrooms': 1.0, 'living_area': 91, 'equiped_kitchen': 0, 'furnished': 0, 'open_fire': 0, 'terrace': 1, 'terrace_area': 2.0, 'garden': 0, 'number_facades': 2.0, 'swimming_pool': 0, 'state_of_building': 'To be renovated'}"
8327,8329,locality_name,Boulevard Edmond Machtens 155 69,Boulevard Edmond Machtens 157 35,"{'postal_code': 1080, 'locality_name': 'Boulevard Edmond Machtens 155 69', 'subtype': 'Apartment', 'price': 245000, 'number_of_bedrooms': 2.0, 'living_area': 100, 'equiped_kitchen': 1, 'furnished': 0, 'open_fire': 0, 'terrace': 1, 'terrace_area': 17.0, 'garden': 0, 'number_facades': 2.0, 'swimming_pool': 0, 'state_of_building': 'To renovate'}","{'postal_code': 1080, 'locality_name': 'Boulevard Edmond Machtens 157 35', 'subtype': 'Apartment', 'price': 245000, 'number_of_bedrooms': 2.0, 'living_area': 100, 'equiped_kitchen': 1, 'furnished': 0, 'open_fire': 0, 'terrace': 1, 'terrace_area': 17.0, 'garden': 0, 'number_facades': 2.0, 'swimming_pool': 0, 'state_of_building': 'To renovate'}"
8422,8424,price,360000,350000,"{'postal_code': 1050, 'locality_name': 'Avenue de la Couronne 66', 'subtype': 'Apartment', 'price': 360000, 'number_of_bedrooms': 2.0, 'living_area': 100, 'equiped_kitchen': 0, 'furnished': 0, 'open_fire': 0, 'terrace': 1, 'terrace_area': 2.0, 'garden': 0, 'number_facades': 2.0, 'swimming_pool': 0, 'state_of_building': 'Excellent'}","{'postal_code': 1050, 'locality_name': 'Avenue de la Couronne 66', 'subtype': 'Apartment', 'price': 350000, 'number_of_bedrooms': 2.0, 'living_area': 100, 'equiped_kitchen': 0, 'furnished': 0, 'open_fire': 0, 'terrace': 1, 'terrace_area': 2.0, 'garden': 0, 'number_facades': 2.0, 'swimming_pool': 0, 'state_of_building': 'Excellent'}"
8442,8444,price,950000,1225000,"{'postal_code': 1150, 'locality_name': 'Rue des Hiboux 81', 'subtype': 'Residence', 'price': 950000, 'number_of_bedrooms': 4.0, 'living_area': 264, 'equiped_kitchen': 1, 'furnished': 0, 'open_fire': 0, 'terrace': 1, 'terrace_area': 17.0, 'garden': 1, 'number_facades': 3.0, 'swimming_pool': 0, 'state_of_building': 'Excellent'}","{'postal_code': 1150, 'locality_name': 'Rue des Hiboux 81', 'subtype': 'Residence', 'price': 1225000, 'number_of_bedrooms': 4.0, 'living_area': 264, 'equiped_kitchen': 1, 'furnished': 0, 'open_fire': 0, 'terrace': 1, 'terrace_area': 17.0, 'garden': 1, 'number_facades': 3.0, 'swimming_pool': 0, 'state_of_building': 'Excellent'}"
8450,8458,subtype,Villa,Apartment,"{'postal_code': 1180, 'locality_name': 'Rue des Moutons 30', 'subtype': 'Villa', 'price': 499000, 'number_of_bedrooms': 3.0, 'living_area': 130, 'equiped_kitchen': 0, 'furnished': 0, 'open_fire': 0, 'terrace': 1, 'terrace_area': 20.0, 'garden': 1, 'number_facades': 2.0, 'swimming_pool': 0, 'state_of_building': 'Normal'}","{'postal_code': 1180, 'locality_name': 'Rue des Moutons 30', 'subtype': 'Apartment', 'price': 499000, 'number_of_bedrooms': 3.0, 'living_area': 130, 'equiped_kitchen': 0, 'furnished': 0, 'open_fire': 0, 'terrace': 1, 'terrace_area': 20.0, 'garden': 1, 'number_facades': 2.0, 'swimming_pool': 0, 'state_of_building': 'Normal'}"
8599,8774,postal_code,1000,1030,"{'postal_code': 1000, 'locality_name': 'Rue des Palais 42A', 'subtype': 'Duplex', 'price': 579000, 'number_of_bedrooms': 3.0, 'living_area': 253, 'equiped_kitchen': 1, 'furnished': 0, 'open_fire': 0, 'terrace': 1, 'terrace_area': 12.0, 'garden': 0, 'number_facades': 2.0, 'swimming_pool': 0, 'state_of_building': 'Excellent'}","{'postal_code': 1030, 'locality_name': 'Rue des Palais 42A', 'subtype': 'Duplex', 'price': 579000, 'number_of_bedrooms': 3.0, 'living_area': 253, 'equiped_kitchen': 1, 'furnished': 0, 'open_fire': 0, 'terrace': 1, 'terrace_area': 12.0, 'garden': 0, 'number_facades': 2.0, 'swimming_pool': 0, 'state_of_building': 'Excellent'}"
8626,8639,subtype,Master house,Mixed building,"{'postal_code': 1200, 'locality_name': 'Avenue Albertyn 68', 'subtype': 'Master house', 'price': 790000, 'number_of_bedrooms': 5.0, 'living_area': 361, 'equiped_kitchen': 1, 'furnished': 0, 'open_fire': 0, 'terrace': 1, 'terrace_area': 5.0, 'garden': 1, 'number_facades': 2.0, 'swimming_pool': 0, 'state_of_building': 'Normal'}","{'postal_code': 1200, 'locality_name': 'Avenue Albertyn 68', 'subtype': 'Mixed building', 'price': 790000, 'number_of_bedrooms': 5.0, 'living_area': 361, 'equiped_kitchen': 1, 'furnished': 0, 'open_fire': 0, 'terrace': 1, 'terrace_area': 5.0, 'garden': 1, 'number_facades': 2.0, 'swimming_pool': 0, 'state_of_building': 'Normal'}"
8752,8764,price,375000,380000,"{'postal_code': 1190, 'locality_name': ""Chaussée d'Alsemberg 365"", 'subtype': 'Apartment', 'price': 375000, 'number_of_bedrooms': 1.0, 'living_area': 91, 'equiped_kitchen': 0, 'furnished': 0, 'open_fire': 0, 'terrace': 1, 'terrace_area': 2.0, 'garden': 0, 'number_facades': 2.0, 'swimming_pool': 0, 'state_of_building': 'To be renovated'}","{'postal_code': 1190, 'locality_name': ""Chaussée d'Alsemberg 365"", 'subtype': 'Apartment', 'price': 380000, 'number_of_bedrooms': 1.0, 'living_area': 91, 'equiped_kitchen': 0, 'furnished': 0, 'open_fire': 0, 'terrace': 1, 'terrace_area': 2.0, 'garden': 0, 'number_facades': 2.0, 'swimming_pool': 0, 'state_of_building': 'To be renovated'}"
